,times_1_SRF79370,power_1_SRF79370,times_2_SRF79371,power_2_SRF79371,times_3_SRF79372,power_3_SRF79372,times_4_SRF79373,power_4_SRF79373,times_5_SRF79374,power_5_SRF79374,times_6_SRF79375,power_6_SRF79375,times_7_SRF79376,power_7_SRF79376,times_8_SRF79377,power_8_SRF79377,times_9_SRF79378,power_9_SRF79378,times_10_SRF79379,power_10_SRF79379,times_11_SRF79380,power_11_SRF79380,times_12_SRF79381,power_12_SRF79381,times_13_SRF79382,power_13_SRF79382,times_14_SRF79383,power_14_SRF79383,times_15_SRF79388,power_15_SRF79388,times_16_SRF79385,power_16_SRF79385,times_17_SRF79386,power_17_SRF79386,times_18_SRF79387,power_18_SRF79387,times_19_SRF79388,power_19_SRF79388,times_20_SRF79389,power_20_SRF79389
0,0,0,0,0,0,0,0,0,0,0,0,0,0,0,0,0,0,0,0,0,0,0,0,0,0,0,0,0,0,0,0,0,0,0,0,0,0,0,0,0
1,0.01,0.02436,0.01,0.02436,0.01,0.02436,0.01,0.02436,0.01,0.02436,0.01,0.02436,0.01,0.02436,0.01,0.01218,0.01,0.01218,0.01,0.01218,0.01,0.01218,0.020286621,0.00786,0.02021582,0.0132,0.020375,0.01362,0.01,0.03654,0.01,0.03654,0.01,0.03654,0.01,0.03654,0.01,0.03654,0.01,0.03654
2,0.02,0.04872,0.02,0.04872,0.02,0.04872,0.02,0.04872,0.02,0.04872,0.02,0.04872,0.02,0.04872,0.02,0.02436,0.02,0.02436,0.02,0.02436,0.02,0.02436,0.040573242,0.01176,0.040431641,0.0294,0.04075,0.03132,0.02,0.07308,0.02,0.07308,0.02,0.07308,0.02,0.07308,0.02,0.07308,0.02,0.07308
3,0.03,0.11166,0.03,0.11166,0.03,0.11166,0.03,0.11166,0.03,0.11166,0.03,0.11166,0.03,0.11166,0.03,0.05586,0.03,0.05586,0.03,0.05586,0.03,0.05586,0.060859863,0.02382,0.060647461,0.08328,0.061125,0.08364,0.03,0.16752,0.03,0.16752,0.03,0.16752,0.03,0.16752,0.03,0.16752,0.03,0.16752
4,0.04,0.21456,0.04,0.21456,0.04,0.21456,0.04,0.21456,0.04,0.21456,0.04,0.21456,0.04,0.21456,0.04,0.10728,0.04,0.10728,0.04,0.10728,0.04,0.10728,0.081146484,0.06096,0.080863281,0.24426,0.0815,0.22638,0.04,0.32184,0.04,0.32184,0.04,0.32184,0.04,0.32184,0.04,0.32184,0.04,0.32184
5,0.05,0.38076,0.05,0.38076,0.05,0.38076,0.05,0.38076,0.05,0.38076,0.05,0.38076,0.05,0.38076,0.05,0.19038,0.05,0.19038,0.05,0.19038,0.05,0.19038,0.101433105,0.16764,0.101079102,0.63492,0.101874512,0.52956,0.05,0.57114,0.05,0.57114,0.05,0.57114,0.05,0.57114,0.05,0.57114,0.05,0.57114
6,0.06,0.64002,0.06,0.64002,0.06,0.64002,0.06,0.64002,0.06,0.64002,0.06,0.64002,0.06,0.64002,0.06,0.32004,0.06,0.32004,0.06,0.32004,0.06,0.32004,0.121719727,0.4659,0.121294434,1.37514,0.122249512,1.00122,0.06,0.96006,0.06,0.96006,0.06,0.96006,0.06,0.96006,0.06,0.96006,0.06,0.96006
7,0.07,1.03014,0.07,1.03014,0.07,1.03014,0.07,1.03014,0.07,1.03014,0.07,1.03014,0.07,1.03014,0.07,0.51504,0.07,0.51504,0.07,0.51504,0.07,0.51504,0.142006348,1.16766,0.141510254,2.37096,0.142624512,1.50606,0.07,1.54518,0.07,1.54518,0.07,1.54518,0.07,1.54518,0.07,1.54518,0.07,1.54518
8,0.08,1.5531,0.08,1.5531,0.08,1.5531,0.08,1.5531,0.08,1.5531,0.08,1.5531,0.08,1.5531,0.08,0.77652,0.08,0.77652,0.08,0.77652,0.08,0.77652,0.162292969,2.5047,0.161726074,3.23976,0.162999512,1.77924,0.08,2.32962,0.08,2.32962,0.08,2.32962,0.08,2.32962,0.08,2.32962,0.08,2.32962
9,0.09,2.22168,0.09,2.22168,0.09,2.22168,0.09,2.22168,0.09,2.22168,0.09,2.22168,0.09,2.22168,0.09,1.11084,0.09,1.11084,0.09,1.11084,0.09,1.11084,0.18257959,4.36746,0.181941894,3.6012,0.183374512,1.78812,0.09,3.33252,0.09,3.33252,0.09,3.33252,0.09,3.33252,0.09,3.33252,0.09,3.33252
10,0.1,3.01296,0.1,3.01296,0.1,3.01296,0.1,3.01296,0.1,3.01296,0.1,3.01296,0.1,3.01296,0.1,1.50648,0.1,1.50648,0.1,1.50648,0.1,1.50648,0.202866699,6.07908,0.202157715,3.51324,0.203749023,1.51602,0.1,4.51938,0.1,4.51938,0.1,4.51938,0.1,4.51938,0.1,4.51938,0.1,4.51938
11,0.11,3.861,0.11,3.861,0.11,3.861,0.11,3.861,0.11,3.861,0.11,3.861,0.11,3.861,0.11,1.9305,0.11,1.9305,0.11,1.9305,0.11,1.9305,0.22315332,6.88392,0.222373047,2.89296,0.224124024,0.97884,0.11,5.7915,0.11,5.7915,0.11,5.7915,0.11,5.7915,0.11,5.7915,0.11,5.7915
12,0.12,4.68186,0.12,4.68186,0.12,4.68186,0.12,4.68186,0.12,4.68186,0.12,4.68186,0.12,4.68186,0.12,2.3409,0.12,2.3409,0.12,2.3409,0.12,2.3409,0.243439941,6.81294,0.242588867,1.8645,0.244499024,0.48846,0.12,7.02276,0.12,7.02276,0.12,7.02276,0.12,7.02276,0.12,7.02276,0.12,7.02276
13,0.13,5.36982,0.13,5.36982,0.13,5.36982,0.13,5.36982,0.13,5.36982,0.13,5.36982,0.13,5.36982,0.13,2.68494,0.13,2.68494,0.13,2.68494,0.13,2.68494,0.263726562,5.85642,0.262804688,0.96318,0.264874024,0.21114,0.13,8.05476,0.13,8.05476,0.13,8.05476,0.13,8.05476,0.13,8.05476,0.13,8.05476
14,0.14,5.84526,0.14,5.84526,0.14,5.84526,0.14,5.84526,0.14,5.84526,0.14,5.84526,0.14,5.84526,0.14,2.9226,0.14,2.9226,0.14,2.9226,0.14,2.9226,0.284013184,4.11084,0.283020508,0.41952,0.285249024,0.1044,0.14,8.76786,0.14,8.76786,0.14,8.76786,0.14,8.76786,0.14,8.76786,0.14,8.76786
15,0.15,6,0.15,6,0.15,6,0.15,6,0.15,6,0.15,6,0.15,6,0.15,3,0.15,3,0.15,3,0.15,3,0.304299805,2.38872,0.303236328,0.1674,0.305623535,0.08364,0.15,9,0.15,9,0.15,9,0.15,9,0.15,9,0.15,9
16,0.16,5.83224,0.16,5.83224,0.16,5.83224,0.16,5.83224,0.16,5.83224,0.16,5.83224,0.16,5.83224,0.16,2.91612,0.16,2.91612,0.16,2.91612,0.16,2.91612,0.324586426,1.16202,0.323452148,0.06978,0.325998535,0.10194,0.16,8.74836,0.16,8.74836,0.16,8.74836,0.16,8.74836,0.16,8.74836,0.16,8.74836
17,0.17,5.38218,0.17,5.38218,0.17,5.38218,0.17,5.38218,0.17,5.38218,0.17,5.38218,0.17,5.38218,0.17,2.69106,0.17,2.69106,0.17,2.69106,0.17,2.69106,0.344873047,0.48138,0.34366748,0.03324,0.346373535,0.16584,0.17,8.07324,0.17,8.07324,0.17,8.07324,0.17,8.07324,0.17,8.07324,0.17,8.07324
18,0.18,4.68144,0.18,4.68144,0.18,4.68144,0.18,4.68144,0.18,4.68144,0.18,4.68144,0.18,4.68144,0.18,2.34072,0.18,2.34072,0.18,2.34072,0.18,2.34072,0.365159668,0.18174,0.363883301,0.01932,0.366748535,0.28656,0.18,7.0221,0.18,7.0221,0.18,7.0221,0.18,7.0221,0.18,7.0221,0.18,7.0221
19,0.19,3.85932,0.19,3.85932,0.19,3.85932,0.19,3.85932,0.19,3.85932,0.19,3.85932,0.19,3.85932,0.19,1.92966,0.19,1.92966,0.19,1.92966,0.19,1.92966,0.385446289,0.07428,0.384099121,0.01506,0.387123535,0.46644,0.19,5.78898,0.19,5.78898,0.19,5.78898,0.19,5.78898,0.19,5.78898,0.19,5.78898
20,0.2,3.00858,0.2,3.00858,0.2,3.00858,0.2,3.00858,0.2,3.00858,0.2,3.00858,0.2,3.00858,0.2,1.50432,0.2,1.50432,0.2,1.50432,0.2,1.50432,0.405733398,0.03678,0.404314941,0.01674,0.407498047,0.70806,0.2,4.5129,0.2,4.5129,0.2,4.5129,0.2,4.5129,0.2,4.5129,0.2,4.5129
21,0.21,2.22558,0.21,2.22558,0.21,2.22558,0.21,2.22558,0.21,2.22558,0.21,2.22558,0.21,2.22558,0.21,1.11282,0.21,1.11282,0.21,1.11282,0.21,1.11282,0.426020019,0.02388,0.424530762,0.02604,0.427873047,0.96972,0.21,3.3384,0.21,3.3384,0.21,3.3384,0.21,3.3384,0.21,3.3384,0.21,3.3384
22,0.22,1.55526,0.22,1.55526,0.22,1.55526,0.22,1.55526,0.22,1.55526,0.22,1.55526,0.22,1.55526,0.22,0.7776,0.22,0.7776,0.22,0.7776,0.22,0.7776,0.446306641,0.02106,0.444746094,0.05034,0.448248047,1.18278,0.22,2.33286,0.22,2.33286,0.22,2.33286,0.22,2.33286,0.22,2.33286,0.22,2.33286
23,0.23,1.02282,0.23,1.02282,0.23,1.02282,0.23,1.02282,0.23,1.02282,0.23,1.02282,0.23,1.02282,0.23,0.51144,0.23,0.51144,0.23,0.51144,0.23,0.51144,0.466593262,0.0255,0.464961914,0.10188,0.468623047,1.32,0.23,1.53426,0.23,1.53426,0.23,1.53426,0.23,1.53426,0.23,1.53426,0.23,1.53426
24,0.24,0.64668,0.24,0.64668,0.24,0.64668,0.24,0.64668,0.24,0.64668,0.24,0.64668,0.24,0.64668,0.24,0.32334,0.24,0.32334,0.24,0.32334,0.24,0.32334,0.486879883,0.03936,0.485177734,0.18888,0.488998047,1.39314,0.24,0.96996,0.24,0.96996,0.24,0.96996,0.24,0.96996,0.24,0.96996,0.24,0.96996
25,0.25,0.38514,0.25,0.38514,0.25,0.38514,0.25,0.38514,0.25,0.38514,0.25,0.38514,0.25,0.38514,0.25,0.1926,0.25,0.1926,0.25,0.1926,0.25,0.1926,0.507166504,0.06804,0.505393555,0.3069,0.509373047,1.4277,0.25,0.57774,0.25,0.57774,0.25,0.57774,0.25,0.57774,0.25,0.57774,0.25,0.57774
26,0.26,0.22044,0.26,0.22044,0.26,0.22044,0.26,0.22044,0.26,0.22044,0.26,0.22044,0.26,0.22044,0.26,0.11022,0.26,0.11022,0.26,0.11022,0.26,0.11022,0.527453125,0.12054,0.525609375,0.45036,0.529747559,1.44906,0.26,0.33072,0.26,0.33072,0.26,0.33072,0.26,0.33072,0.26,0.33072,0.26,0.33072
27,0.27,0.13302,0.27,0.13302,0.27,0.13302,0.27,0.13302,0.27,0.13302,0.27,0.13302,0.27,0.13302,0.27,0.06654,0.27,0.06654,0.27,0.06654,0.27,0.06654,0.547739746,0.20838,0.545824707,0.62592,0.550122559,1.48164,0.27,0.19956,0.27,0.19956,0.27,0.19956,0.27,0.19956,0.27,0.19956,0.27,0.19956
28,0.28,0.0993,0.28,0.0993,0.28,0.0993,0.28,0.09924,0.28,0.10032,0.28,0.09924,0.28,0.09924,0.41,0.1008,0.41,0.1008,0.41,0.10188,0.41,0.1008,0.568026367,0.34254,0.566040527,0.81948,0.570497559,1.5378,0.28,0.09768,0.28,0.09768,0.28,0.09768,0.28,0.09768,0.28,0.09768,0.28,0.0987
29,0.29,0.10272,0.29,0.10272,0.29,0.10272,0.29,0.10266,0.29,0.10374,0.29,0.10266,0.29,0.10266,0.42,0.10428,0.42,0.10428,0.42,0.10536,0.42,0.10428,0.588312988,0.534,0.586256348,1.0263,0.590872559,1.61244,0.29,0.10104,0.29,0.10104,0.29,0.10104,0.29,0.10104,0.29,0.10104,0.29,0.10212
30,0.3,0.14712,0.3,0.14712,0.3,0.14706,0.3,0.14706,0.3,0.14862,0.3,0.14706,0.3,0.14706,0.43,0.14934,0.43,0.14934,0.43,0.1509,0.43,0.14934,0.608600098,0.7701,0.606472168,1.24182,0.611247559,1.68858,0.3,0.14466,0.3,0.14472,0.3,0.14472,0.3,0.14472,0.3,0.14466,0.3,0.14622
31,0.31,0.23022,0.31,0.23022,0.31,0.23022,0.31,0.23016,0.31,0.23256,0.31,0.23016,0.31,0.23016,0.44,0.23376,0.44,0.2337,0.44,0.23616,0.44,0.2337,0.628886719,1.02228,0.626687988,1.45056,0.63162207,1.75056,0.31,0.22644,0.31,0.22656,0.31,0.22656,0.31,0.2265,0.31,0.22644,0.31,0.22884
32,0.32,0.36234,0.32,0.36234,0.32,0.36228,0.32,0.36216,0.32,0.366,0.32,0.36216,0.32,0.36216,0.45,0.36792,0.45,0.3678,0.45,0.3717,0.45,0.3678,0.64917334,1.26942,0.646903809,1.62552,0.65199707,1.7889,0.32,0.35634,0.32,0.35652,0.32,0.35652,0.32,0.35646,0.32,0.35634,0.32,0.36018
33,0.33,0.54684,0.33,0.54684,0.33,0.54678,0.33,0.5466,0.33,0.55242,0.33,0.5466,0.33,0.5466,0.46,0.55524,0.46,0.55506,0.46,0.561,0.46,0.55506,0.669459961,1.5111,0.667119141,1.74084,0.67237207,1.80108,0.33,0.53784,0.33,0.53808,0.33,0.53808,0.33,0.53802,0.33,0.53784,0.33,0.54354
34,0.34,0.7794,0.34,0.77934,0.34,0.77928,0.34,0.77904,0.34,0.78732,0.34,0.77904,0.34,0.77904,0.47,0.79134,0.47,0.7911,0.47,0.7995,0.47,0.7911,0.689746582,1.75188,0.687334961,1.78794,0.69274707,1.7958,0.34,0.7665,0.34,0.76686,0.34,0.76686,0.34,0.7668,0.34,0.7665,0.34,0.77466
35,0.35,1.05648,0.35,1.05648,0.35,1.05636,0.35,1.056,0.35,1.06722,0.35,1.056,0.35,1.056,0.48,1.07274,0.48,1.07238,0.48,1.08378,0.48,1.07238,0.710033203,1.98612,0.707550781,1.77978,0.71312207,1.78656,0.35,1.03908,0.35,1.03956,0.35,1.0395,0.35,1.03944,0.35,1.03908,0.35,1.05012
36,0.36,1.35408,0.36,1.35408,0.36,1.3539,0.36,1.35348,0.36,1.36788,0.36,1.35348,0.36,1.35348,0.49,1.3749,0.49,1.37448,0.49,1.38906,0.49,1.37448,0.730319824,2.1915,0.727766602,1.74072,0.73349707,1.78266,0.36,1.33176,0.36,1.33236,0.36,1.33236,0.36,1.33218,0.36,1.33176,0.36,1.34592
37,0.37,1.64418,0.37,1.64412,0.37,1.644,0.37,1.6434,0.37,1.66092,0.37,1.6434,0.37,1.6434,0.5,1.66944,0.5,1.6689,0.5,1.68666,0.5,1.6689,0.750606445,2.32374,0.747982422,1.69548,0.753871582,1.78062,0.37,1.61706,0.37,1.61784,0.37,1.61778,0.37,1.6176,0.37,1.61706,0.37,1.63428
38,0.38,1.8843,0.38,1.88424,0.38,1.88406,0.38,1.8834,0.38,1.90344,0.38,1.8834,0.38,1.8834,0.51,1.91322,0.51,1.91262,0.51,1.93296,0.51,1.91262,0.770893066,2.36862,0.768197754,1.66248,0.774246582,1.77924,0.38,1.85322,0.38,1.85406,0.38,1.85406,0.38,1.85382,0.38,1.85322,0.38,1.87296
39,0.39,2.04642,0.39,2.04636,0.39,2.04612,0.39,2.04546,0.39,2.06724,0.39,2.04546,0.39,2.04546,0.52,2.07786,0.52,2.07714,0.52,2.09922,0.52,2.07714,0.791179688,2.34126,0.788413574,1.65156,0.794621582,1.79238,0.39,2.01264,0.39,2.0136,0.39,2.01354,0.39,2.01336,0.39,2.01264,0.39,2.03406
40,0.4,2.11074,0.4,2.11068,0.4,2.1105,0.4,2.10978,0.4,2.13222,0.4,2.10978,0.4,2.10978,0.53,2.1432,0.53,2.14248,0.53,2.16528,0.53,2.14248,0.811466797,2.2728,0.808629394,1.6728,0.814996582,1.83672,0.4,2.07594,0.4,2.0769,0.4,2.07684,0.4,2.07666,0.4,2.07594,0.4,2.09808
41,0.41,2.11074,0.41,2.11068,0.41,2.1105,0.41,2.10978,0.41,2.13222,0.41,2.10978,0.41,2.10978,0.54,2.1432,0.54,2.14248,0.54,2.16528,0.54,2.14248,0.831753418,2.20428,0.828845215,1.71726,0.835371582,1.92654,0.41,2.07594,0.41,2.0769,0.41,2.07684,0.41,2.07666,0.41,2.07594,0.41,2.09808
42,0.42,2.11074,0.42,2.11068,0.42,2.1105,0.42,2.10978,0.42,2.13222,0.42,2.10978,0.42,2.10978,0.55,2.1432,0.55,2.14248,0.55,2.16528,0.55,2.14248,0.852040039,2.1564,0.849061035,1.75398,0.855746094,2.06256,0.42,2.07594,0.42,2.0769,0.42,2.07684,0.42,2.07666,0.42,2.07594,0.42,2.09808
43,0.43,2.11074,0.43,2.11068,0.43,2.1105,0.43,2.10978,0.43,2.13222,0.43,2.10978,0.43,2.10978,0.56,2.1432,0.56,2.14248,0.56,2.16528,0.56,2.14248,0.87232666,2.11962,0.869276855,1.76232,0.876121094,2.2392,0.43,2.07594,0.43,2.0769,0.43,2.07684,0.43,2.07666,0.43,2.07594,0.43,2.09808
44,0.44,2.11074,0.44,2.11068,0.44,2.1105,0.44,2.10978,0.44,2.13222,0.44,2.10978,0.44,2.10978,0.57,2.1432,0.57,2.14248,0.57,2.16528,0.57,2.14248,0.892613281,2.07816,0.889492188,1.74384,0.896496094,2.44536,0.44,2.07594,0.44,2.0769,0.44,2.07684,0.44,2.07666,0.44,2.07594,0.44,2.09808
45,0.45,2.11074,0.45,2.11068,0.45,2.1105,0.45,2.10978,0.45,2.13222,0.45,2.10978,0.45,2.10978,0.58,2.1432,0.58,2.14248,0.58,2.16528,0.58,2.14248,0.912899902,2.02488,0.909708008,1.72434,0.916871094,2.6757,0.45,2.07594,0.45,2.0769,0.45,2.07684,0.45,2.07666,0.45,2.07594,0.45,2.09808
46,0.46,2.11074,0.46,2.11068,0.46,2.1105,0.46,2.10978,0.46,2.13222,0.46,2.10978,0.46,2.10978,0.59,2.1432,0.59,2.14248,0.59,2.16528,0.59,2.14248,0.933186523,1.96932,0.929923828,1.74114,0.937246094,2.94282,0.46,2.07594,0.46,2.0769,0.46,2.07684,0.46,2.07666,0.46,2.07594,0.46,2.09808
47,0.47,2.11074,0.47,2.11068,0.47,2.1105,0.47,2.10978,0.47,2.13222,0.47,2.10978,0.47,2.10978,0.6,2.1432,0.6,2.14248,0.6,2.16528,0.6,2.14248,0.953473145,1.9302,0.950139648,1.81428,0.957620606,3.26244,0.47,2.07594,0.47,2.0769,0.47,2.07684,0.47,2.07666,0.47,2.07594,0.47,2.09808
48,0.48,2.11074,0.48,2.11068,0.48,2.1105,0.48,2.10978,0.48,2.13222,0.48,2.10978,0.48,2.10978,0.61,2.1432,0.61,2.14248,0.61,2.16528,0.61,2.14248,0.973759766,1.93632,0.970355469,1.9506,0.977995606,3.63006,0.48,2.07594,0.48,2.0769,0.48,2.07684,0.48,2.07666,0.48,2.07594,0.48,2.09808
49,0.49,2.11074,0.49,2.11068,0.49,2.1105,0.49,2.10978,0.49,2.13222,0.49,2.10978,0.49,2.10978,0.62,2.1432,0.62,2.14248,0.62,2.16528,0.62,2.14248,0.994046875,2.00994,0.990570801,2.1459,0.998370606,4.04976,0.49,2.07594,0.49,2.0769,0.49,2.07684,0.49,2.07666,0.49,2.07594,0.49,2.09808
50,0.5,2.11074,0.5,2.11068,0.5,2.1105,0.5,2.10978,0.5,2.13222,0.5,2.10978,0.5,2.10978,0.63,2.1432,0.63,2.14248,0.63,2.16528,0.63,2.14248,1.014333496,2.1591,1.010786621,2.4003,1.018745606,4.50576,0.5,2.07594,0.5,2.0769,0.5,2.07684,0.5,2.07666,0.5,2.07594,0.5,2.09808
51,0.51,2.11074,0.51,2.11068,0.51,2.1105,0.51,2.10978,0.51,2.13222,0.51,2.10978,0.51,2.10978,0.64,2.1432,0.64,2.14248,0.64,2.16528,0.64,2.14248,1.034620117,2.36598,1.031002441,2.72322,1.039120606,4.93848,0.51,2.07594,0.51,2.0769,0.51,2.07684,0.51,2.07666,0.51,2.07594,0.51,2.09808
52,0.52,2.11074,0.52,2.11068,0.52,2.1105,0.52,2.10978,0.52,2.13222,0.52,2.10978,0.52,2.10978,0.65,2.1432,0.65,2.14248,0.65,2.16528,0.65,2.14248,1.054906738,2.5968,1.051218262,3.08748,1.059495117,5.28252,0.52,2.07594,0.52,2.0769,0.52,2.07684,0.52,2.07666,0.52,2.07594,0.52,2.09808
53,0.53,2.11074,0.53,2.11068,0.53,2.1105,0.53,2.10978,0.53,2.13222,0.53,2.10978,0.53,2.10978,0.66,2.1432,0.66,2.14248,0.66,2.16528,0.66,2.14248,1.075193359,2.84118,1.071434082,3.41724,1.079870117,5.5314,0.53,2.07594,0.53,2.0769,0.53,2.07684,0.53,2.07666,0.53,2.07594,0.53,2.09808
54,0.54,2.11074,0.54,2.11068,0.54,2.1105,0.54,2.10978,0.54,2.13222,0.54,2.10978,0.54,2.10978,0.67,2.1432,0.67,2.14248,0.67,2.16528,0.67,2.14248,1.09547998,3.1101,1.091649902,3.68748,1.100245117,5.7351,0.54,2.07594,0.54,2.0769,0.54,2.07684,0.54,2.07666,0.54,2.07594,0.54,2.09808
55,0.55,2.11074,0.55,2.11068,0.55,2.1105,0.55,2.10978,0.55,2.13222,0.55,2.10978,0.55,2.10978,0.68,2.1432,0.68,2.14248,0.68,2.16528,0.68,2.14248,1.115766601,3.39942,1.111865234,3.92172,1.120620117,5.9301,0.55,2.07594,0.55,2.0769,0.55,2.07684,0.55,2.07666,0.55,2.07594,0.55,2.09808
56,0.56,2.11074,0.56,2.11068,0.56,2.1105,0.56,2.10978,0.56,2.13222,0.56,2.10978,0.56,2.10978,0.69,2.1432,0.69,2.14248,0.69,2.16528,0.69,2.14248,1.136053223,3.67446,1.132081055,4.1463,1.140995117,6.1431,0.56,2.07594,0.56,2.0769,0.56,2.07684,0.56,2.07666,0.56,2.07594,0.56,2.09808
57,0.57,2.11074,0.57,2.11068,0.57,2.1105,0.57,2.10978,0.57,2.13222,0.57,2.10978,0.57,2.10978,0.7,2.1432,0.7,2.14248,0.7,2.16528,0.7,2.14248,1.156339844,3.90924,1.152296875,4.36008,1.161370117,6.35802,0.57,2.07594,0.57,2.0769,0.57,2.07684,0.57,2.07666,0.57,2.07594,0.57,2.09808
58,0.58,2.11074,0.58,2.11068,0.58,2.1105,0.58,2.10978,0.58,2.13222,0.58,2.10978,0.58,2.10978,0.71,2.1432,0.71,2.14248,0.71,2.16528,0.71,2.14248,1.176626465,4.10904,1.172512695,4.56192,1.181744629,6.53352,0.58,2.07594,0.58,2.0769,0.58,2.07684,0.58,2.07666,0.58,2.07594,0.58,2.09808
59,0.59,2.11074,0.59,2.11068,0.59,2.1105,0.59,2.10978,0.59,2.13222,0.59,2.10978,0.59,2.10978,0.72,2.1432,0.72,2.14248,0.72,2.16528,0.72,2.14248,1.196913574,4.30152,1.192728516,4.75626,1.202119629,6.66924,0.59,2.07594,0.59,2.0769,0.59,2.07684,0.59,2.07666,0.59,2.07594,0.59,2.09808
60,0.6,2.11074,0.6,2.11068,0.6,2.1105,0.6,2.10978,0.6,2.13222,0.6,2.10978,0.6,2.10978,0.73,2.1432,0.73,2.14248,0.73,2.16528,0.73,2.14248,1.217200195,4.49958,1.212943848,4.9722,1.222494629,6.78834,0.6,2.07594,0.6,2.0769,0.6,2.07684,0.6,2.07666,0.6,2.07594,0.6,2.09808
61,0.61,2.2389,0.61,2.23884,0.61,2.2386,0.61,2.23788,0.61,2.2617,0.61,2.23788,0.61,2.23788,0.74,2.27328,0.74,2.27256,0.74,2.29674,0.74,2.27256,1.237486816,4.69938,1.233159668,5.21472,1.242869629,6.92916,0.61,2.202,0.61,2.20296,0.61,2.20296,0.61,2.20272,0.61,2.202,0.61,2.2254
62,0.62,2.36712,0.62,2.36706,0.62,2.36682,0.62,2.36598,0.62,2.39118,0.62,2.36598,0.62,2.36598,0.75,2.40348,0.75,2.40264,0.75,2.4282,0.75,2.40264,1.257773438,4.9008,1.253375488,5.48628,1.263244629,7.10508,0.62,2.32806,0.62,2.32914,0.62,2.32908,0.62,2.32884,0.62,2.32806,0.62,2.35284
63,0.63,2.49522,0.63,2.49516,0.63,2.49492,0.63,2.49408,0.63,2.5206,0.63,2.49408,0.63,2.49408,0.76,2.53356,0.76,2.53272,0.76,2.55966,0.76,2.53272,1.278060059,5.1,1.273591309,5.7981,1.28361914,7.32492,0.63,2.45412,0.63,2.4552,0.63,2.45514,0.63,2.4549,0.63,2.45412,0.63,2.48022
64,0.64,2.62338,0.64,2.62332,0.64,2.62308,0.64,2.62218,0.64,2.65008,0.64,2.62218,0.64,2.62218,0.77,2.6637,0.77,2.66286,0.77,2.69112,0.77,2.66286,1.29834668,5.2998,1.293807129,6.13992,1.30399414,7.58298,0.64,2.58018,0.64,2.58132,0.64,2.58126,0.64,2.58102,0.64,2.58018,0.64,2.6076
65,0.65,2.75148,0.65,2.75142,0.65,2.75118,0.65,2.75022,0.65,2.7795,0.65,2.75022,0.65,2.75022,0.78,2.79378,0.78,2.79288,0.78,2.82252,0.78,2.79288,1.318633301,5.53116,1.314022949,6.47904,1.32436914,7.8816,0.65,2.70612,0.65,2.70738,0.65,2.70732,0.65,2.70702,0.65,2.70612,0.65,2.73492
66,0.66,2.8797,0.66,2.87964,0.66,2.87934,0.66,2.87838,0.66,2.90898,0.66,2.87838,0.66,2.87838,0.79,2.92392,0.79,2.92296,0.79,2.95404,0.79,2.92296,1.338919922,5.81058,1.334238281,6.78138,1.34474414,8.2107,0.66,2.83218,0.66,2.8335,0.66,2.83344,0.66,2.83314,0.66,2.83218,0.66,2.86236
67,0.67,3.00786,0.67,3.0078,0.67,3.0075,0.67,3.00648,0.67,3.03846,0.67,3.00648,0.67,3.00648,0.8,3.05406,0.8,3.05304,0.8,3.0855,0.8,3.05304,1.359206543,6.11898,1.354454102,7.04646,1.36511914,8.52912,0.67,2.95824,0.67,2.95956,0.67,2.9595,0.67,2.9592,0.67,2.95824,0.67,2.98974
68,0.68,3.13596,0.68,3.1359,0.68,3.1356,0.68,3.13452,0.68,3.16794,0.68,3.13452,0.68,3.13452,0.81,3.1842,0.81,3.18312,0.81,3.21696,0.81,3.18312,1.379493164,6.40602,1.374669922,7.29498,1.38549414,8.78346,0.68,3.0843,0.68,3.08568,0.68,3.08562,0.68,3.08532,0.68,3.0843,0.68,3.11712
69,0.69,3.26418,0.69,3.26412,0.69,3.26376,0.69,3.26268,0.69,3.29742,0.69,3.26268,0.69,3.26268,0.82,3.31434,0.82,3.31326,0.82,3.34848,0.82,3.31326,1.399780274,6.64002,1.394885742,7.53234,1.405868652,8.9571,0.69,3.21036,0.69,3.2118,0.69,3.21174,0.69,3.21144,0.69,3.21036,0.69,3.2445
70,0.7,3.39234,0.7,3.39228,0.7,3.39192,0.7,3.39078,0.7,3.42678,0.7,3.39078,0.7,3.39078,0.83,3.44448,0.83,3.44334,0.83,3.47988,0.83,3.44334,1.420066895,6.81852,1.415101563,7.74876,1.426243652,9.0615,0.7,3.33642,0.7,3.33792,0.7,3.33786,0.7,3.3375,0.7,3.33642,0.7,3.37182
71,0.71,3.52044,0.71,3.52038,0.71,3.52002,0.71,3.51882,0.71,3.55626,0.71,3.51882,0.71,3.51882,0.84,3.57456,0.84,3.57336,0.84,3.61134,0.84,3.57336,1.440353516,6.9747,1.435316895,7.93506,1.446618652,9.15324,0.71,3.46242,0.71,3.46398,0.71,3.46392,0.71,3.46356,0.71,3.46242,0.71,3.49926
72,0.72,3.6486,0.72,3.64854,0.72,3.64818,0.72,3.64692,0.72,3.68574,0.72,3.64692,0.72,3.64692,0.85,3.7047,0.85,3.70344,0.85,3.7428,0.85,3.70344,1.460640137,7.10418,1.455532715,8.07732,1.466993652,9.28056,0.72,3.58848,0.72,3.5901,0.72,3.58998,0.72,3.58962,0.72,3.58848,0.72,3.62664
73,0.73,3.77676,0.73,3.77664,0.73,3.77628,0.73,3.77496,0.73,3.81516,0.73,3.77496,0.73,3.77496,0.86,3.83484,0.86,3.83352,0.86,3.87426,0.86,3.83352,1.480926758,7.20108,1.475748535,8.1849,1.487368652,9.47292,0.73,3.71448,0.73,3.71616,0.73,3.7161,0.73,3.71574,0.73,3.71448,0.73,3.75402
74,0.74,3.90486,0.74,3.9048,0.74,3.90444,0.74,3.90306,0.74,3.94464,0.74,3.90306,0.74,3.90306,0.87,3.96492,0.87,3.9636,0.87,4.00572,0.87,3.9636,1.501213379,7.28826,1.495964356,8.29524,1.507743164,9.70356,0.74,3.84054,0.74,3.84228,0.74,3.84222,0.74,3.84186,0.74,3.84054,0.74,3.8814
75,0.75,4.03302,0.75,4.03296,0.75,4.03254,0.75,4.03122,0.75,4.07412,0.75,4.03122,0.75,4.03122,0.88,4.09506,0.88,4.09368,0.88,4.13718,0.88,4.09368,1.5215,7.38576,1.516180176,8.43306,1.528118164,9.9198,0.75,3.9666,0.75,3.9684,0.75,3.96828,0.75,3.96792,0.75,3.9666,0.75,4.00878
76,0.76,4.16124,0.76,4.16112,0.76,4.1607,0.76,4.15932,0.76,4.20354,0.76,4.15932,0.76,4.15932,0.89,4.22514,0.89,4.22376,0.89,4.26864,0.89,4.22376,1.541786621,7.53546,1.536395508,8.59146,1.548493164,10.11882,0.76,4.0926,0.76,4.09446,0.76,4.0944,0.76,4.09398,0.76,4.0926,0.76,4.13616
77,0.77,4.28934,0.77,4.28928,0.77,4.28886,0.77,4.28736,0.77,4.33302,0.77,4.28736,0.77,4.28736,0.9,4.35522,0.9,4.35378,0.9,4.4001,0.9,4.35378,1.562073242,7.75494,1.556611328,8.74422,1.568868164,10.31844,0.77,4.2186,0.77,4.22052,0.77,4.2204,0.77,4.21998,0.77,4.2186,0.77,4.26348
78,0.78,4.41756,0.78,4.41744,0.78,4.41702,0.78,4.41552,0.78,4.4625,0.78,4.41552,0.78,4.41552,0.91,4.48536,0.91,4.48392,0.91,4.53156,0.91,4.48392,1.582359863,8.0301,1.576827149,8.88402,1.589243164,10.53888,0.78,4.34472,0.78,4.34664,0.78,4.34658,0.78,4.3461,0.78,4.34472,0.78,4.39092
79,0.79,4.54572,0.79,4.54566,0.79,4.54518,0.79,4.54362,0.79,4.59198,0.79,4.54362,0.79,4.54362,0.92,4.61556,0.92,4.61406,0.92,4.66308,0.92,4.61406,1.602646973,8.32944,1.597042969,9.02334,1.609617676,10.7865,0.79,4.47084,0.79,4.47282,0.79,4.47276,0.79,4.47228,0.79,4.47084,0.79,4.51836
80,0.8,4.67376,0.8,4.6737,0.8,4.67322,0.8,4.6716,0.8,4.7214,0.8,4.6716,0.8,4.6716,0.93,4.74564,0.93,4.74402,0.93,4.79454,0.93,4.74402,1.622933594,8.63808,1.617258789,9.1689,1.629992676,11.03592,0.8,4.59678,0.8,4.59882,0.8,4.59876,0.8,4.59828,0.8,4.59678,0.8,4.64574
81,0.81,4.80192,0.81,4.8018,0.81,4.80132,0.81,4.7997,0.81,4.85082,0.81,4.7997,0.81,4.7997,0.94,4.87572,0.94,4.87416,0.94,4.92594,0.94,4.87416,1.643220215,8.93034,1.63747461,9.3144,1.650367676,11.26074,0.81,4.72278,0.81,4.72494,0.81,4.72482,0.81,4.72434,0.81,4.72278,0.81,4.77306
82,0.82,4.93014,0.82,4.93002,0.82,4.92954,0.82,4.92786,0.82,4.9803,0.82,4.92786,0.82,4.92786,0.95,5.00592,0.95,5.00424,0.95,5.05746,0.95,5.00424,1.663506836,9.1806,1.657689942,9.47388,1.670742676,11.44542,0.82,4.84884,0.82,4.85106,0.82,4.85094,0.82,4.85046,0.82,4.84884,0.82,4.90044
83,0.83,5.0583,0.83,5.05818,0.83,5.0577,0.83,5.05596,0.83,5.10972,0.83,5.05596,0.83,5.05596,0.96,5.13606,0.96,5.13438,0.96,5.18892,0.96,5.13438,1.683793457,9.38496,1.677905762,9.66738,1.691117676,11.59392,0.83,4.9749,0.83,4.97712,0.83,4.97706,0.83,4.97652,0.83,4.9749,0.83,5.02782
84,0.84,5.18646,0.84,5.18634,0.84,5.18586,0.84,5.18406,0.84,5.2392,0.84,5.18406,0.84,5.18406,0.97,5.26614,0.97,5.2644,0.97,5.32038,0.97,5.2644,1.704080078,9.5529,1.698121582,9.90108,1.711492187,11.72526,0.84,5.10096,0.84,5.10324,0.84,5.10312,0.84,5.10264,0.84,5.10096,0.84,5.1552
85,0.85,5.31462,0.85,5.3145,0.85,5.31402,0.85,5.31216,0.85,5.36868,0.85,5.31216,0.85,5.31216,0.98,5.39628,0.98,5.39454,0.98,5.45184,0.98,5.39454,1.724366699,9.69888,1.718337403,10.14762,1.731867187,11.85408,0.85,5.22702,0.85,5.22936,0.85,5.2293,0.85,5.22876,0.85,5.22702,0.85,5.28264
86,0.86,5.44278,0.86,5.44266,0.86,5.44212,0.86,5.44026,0.86,5.49816,0.86,5.44026,0.86,5.44026,0.99,5.52642,0.99,5.52456,0.99,5.5833,0.99,5.52456,1.74465332,9.82434,1.738553223,10.34232,1.752242187,12.00702,0.86,5.35308,0.86,5.35548,0.86,5.35536,0.86,5.35482,0.86,5.35308,0.86,5.41002
87,0.87,5.57088,0.87,5.57076,0.87,5.57022,0.87,5.5683,0.87,5.62758,0.87,5.5683,0.87,5.5683,1,5.6565,1,5.65464,1,5.71476,1,5.65464,1.764939941,9.93876,1.758768555,10.48896,1.772617187,12.22302,0.87,5.47908,0.87,5.48154,0.87,5.48142,0.87,5.48088,0.87,5.47908,0.87,5.53734
88,0.88,5.69904,0.88,5.69892,0.88,5.69838,0.88,5.6964,0.88,5.75706,0.88,5.6964,0.88,5.6964,1.01,5.78664,1.01,5.78472,1.01,5.84622,1.01,5.78472,1.785226563,10.07928,1.778984375,10.6227,1.792992187,12.51414,0.88,5.60508,0.88,5.6076,0.88,5.60748,0.88,5.60694,0.88,5.60508,0.88,5.66472
89,0.89,5.8272,0.89,5.82708,0.89,5.82648,0.89,5.8245,0.89,5.88654,0.89,5.8245,0.89,5.8245,1.02,5.91678,1.02,5.9148,1.02,5.97774,1.02,5.9148,1.805513672,10.27614,1.799200195,10.79328,1.813367187,12.84516,0.89,5.73114,0.89,5.73372,0.89,5.7336,0.89,5.73306,0.89,5.73114,0.89,5.79216
90,0.9,5.95542,0.9,5.9553,0.9,5.9547,0.9,5.95266,0.9,6.01602,0.9,5.95266,0.9,5.95266,1.03,6.04692,1.03,6.04494,1.03,6.1092,1.03,6.04494,1.825800293,10.536,1.819416016,11.02038,1.833741699,13.16646,0.9,5.85726,0.9,5.8599,0.9,5.85978,0.9,5.85918,0.9,5.85726,0.9,5.91954
91,0.91,6.08346,0.91,6.08334,0.91,6.08274,0.91,6.0807,0.91,6.14538,0.91,6.0807,0.91,6.0807,1.04,6.17694,1.04,6.1749,1.04,6.2406,1.04,6.1749,1.846086914,10.83096,1.839631836,11.28498,1.854116699,13.43118,0.91,5.9832,0.91,5.9859,0.91,5.98578,0.91,5.98518,0.91,5.9832,0.91,6.04686
92,0.92,6.21168,0.92,6.21156,0.92,6.2109,0.92,6.2088,0.92,6.27486,0.92,6.2088,0.92,6.2088,1.05,6.30708,1.05,6.30504,1.05,6.37206,1.05,6.30504,1.866373535,11.10888,1.859847656,11.5581,1.874491699,13.64052,0.92,6.10926,0.92,6.11202,0.92,6.1119,0.92,6.1113,0.92,6.10926,0.92,6.17424
93,0.93,6.33984,0.93,6.33972,0.93,6.33912,0.93,6.33696,0.93,6.40434,0.93,6.33696,0.93,6.33696,1.06,6.43728,1.06,6.43518,1.06,6.50358,1.06,6.43518,1.886660156,11.33628,1.880062988,11.82474,1.894866699,13.8372,0.93,6.23532,0.93,6.23814,0.93,6.23802,0.93,6.23742,0.93,6.23532,0.93,6.30168
94,0.94,6.468,0.94,6.46788,0.94,6.46722,0.94,6.465,0.94,6.53382,0.94,6.465,0.94,6.465,1.07,6.56742,1.07,6.5652,1.07,6.63498,1.07,6.5652,1.906946777,11.5203,1.900278809,12.06918,1.915241699,14.0337,0.94,6.36132,0.94,6.3642,0.94,6.36408,0.94,6.36342,0.94,6.36132,0.94,6.42906
95,0.95,6.59616,0.95,6.59604,0.95,6.59538,0.95,6.5931,0.95,6.66324,0.95,6.5931,0.95,6.5931,1.08,6.6975,1.08,6.69528,1.08,6.76644,1.08,6.69528,1.927233399,11.69742,1.920494629,12.29886,1.935616211,14.23998,0.95,6.48738,0.95,6.49032,0.95,6.4902,0.95,6.48954,0.95,6.48738,0.95,6.55644
96,0.96,6.72426,0.96,6.72414,0.96,6.72342,0.96,6.72114,0.96,6.79266,0.96,6.72114,0.96,6.72114,1.09,6.82758,1.09,6.82536,1.09,6.8979,1.09,6.82536,1.94752002,11.87394,1.940710449,12.51474,1.955991211,14.46126,0.96,6.61344,0.96,6.61638,0.96,6.61626,0.96,6.6156,0.96,6.61344,0.96,6.68376
97,0.97,6.85242,0.97,6.8523,0.97,6.85158,0.97,6.8493,0.97,6.9222,0.97,6.8493,0.97,6.8493,1.1,6.95778,1.1,6.95544,1.1,7.02936,1.1,6.95544,1.967806641,12.04278,1.96092627,12.69696,1.976366211,14.6781,0.97,6.7395,0.97,6.74256,0.97,6.74238,0.97,6.74172,0.97,6.7395,0.97,6.8112
98,0.98,6.98058,0.98,6.98046,0.98,6.97974,0.98,6.97734,0.98,7.05162,0.98,6.97734,0.98,6.97734,1.11,7.08786,1.11,7.08552,1.11,7.16082,1.11,7.08552,1.988093262,12.18246,1.981141602,12.83754,1.996741211,14.88186,0.98,6.8655,0.98,6.86862,0.98,6.8685,0.98,6.86778,0.98,6.8655,0.98,6.93852
99,0.99,7.10874,0.99,7.10862,0.99,7.1079,0.99,7.1055,0.99,7.1811,0.99,7.1055,0.99,7.1055,1.12,7.218,1.12,7.2156,1.12,7.29228,1.12,7.2156,2.008380371,12.28224,2.001357422,12.93786,2.017116211,15.06714,0.99,6.99156,0.99,6.99468,0.99,6.99456,0.99,6.99384,0.99,6.99156,0.99,7.06596
100,1,7.23696,1,7.23678,1,7.23606,1,7.2336,1,7.31058,1,7.2336,1,7.2336,1.13,7.34814,1.13,7.34568,1.13,7.4238,1.13,7.34568,2.028666992,12.33864,2.021573242,13.01178,2.037491211,15.2469,1,7.11762,1,7.1208,1,7.12068,1,7.11996,1,7.11762,1,7.1934
101,1.01,7.36512,1.01,7.36494,1.01,7.36422,1.01,7.3617,1.01,7.43994,1.01,7.3617,1.01,7.3617,1.14,7.47828,1.14,7.47576,1.14,7.55514,1.14,7.47576,2.048953613,12.37896,2.041789063,13.09878,2.057865722,15.4449,1.01,7.24368,1.01,7.24692,1.01,7.2468,1.01,7.24608,1.01,7.24368,1.01,7.32072
102,1.02,7.49316,1.02,7.49304,1.02,7.49226,1.02,7.48974,1.02,7.56942,1.02,7.48974,1.02,7.48974,1.15,7.6083,1.15,7.60578,1.15,7.68666,1.15,7.60578,2.069240234,12.45522,2.062004883,13.2288,2.078240722,15.67788,1.02,7.36968,1.02,7.37298,1.02,7.37286,1.02,7.37208,1.02,7.36968,1.02,7.4481
103,1.03,7.62132,1.03,7.62114,1.03,7.62036,1.03,7.61778,1.03,7.6989,1.03,7.61778,1.03,7.61778,1.16,7.73844,1.16,7.73586,1.16,7.81806,1.16,7.73586,2.089526856,12.6057,2.082220703,13.43316,2.098615722,15.93036,1.03,7.49574,1.03,7.4991,1.03,7.49898,1.03,7.4982,1.03,7.49574,1.03,7.57548
104,1.04,7.74954,1.04,7.74936,1.04,7.74858,1.04,7.74594,1.04,7.82832,1.04,7.74594,1.04,7.74594,1.17,7.86864,1.17,7.86606,1.17,7.94964,1.17,7.86606,2.109813477,12.86418,2.102436035,13.71366,2.118990722,16.1742,1.04,7.62174,1.04,7.62516,1.04,7.62498,1.04,7.62426,1.04,7.62174,1.04,7.70286
105,1.05,7.87764,1.05,7.87752,1.05,7.87674,1.05,7.87404,1.05,7.95786,1.05,7.87404,1.05,7.87404,1.18,7.99866,1.18,7.99602,1.18,8.08098,1.18,7.99602,2.130100098,13.22172,2.122651856,14.01888,2.139365722,16.4061,1.05,7.7478,1.05,7.75128,1.05,7.75116,1.05,7.75038,1.05,7.7478,1.05,7.83024
106,1.06,8.0058,1.06,8.00562,1.06,8.00484,1.06,8.00208,1.06,8.08722,1.06,8.00208,1.06,8.00208,1.19,8.12886,1.19,8.12616,1.19,8.21256,1.19,8.12616,2.150386719,13.58082,2.142867676,14.29416,2.159740234,16.62108,1.06,7.87386,1.06,7.8774,1.06,7.87722,1.06,7.87644,1.06,7.87386,1.06,7.95762
107,1.07,8.13402,1.07,8.13384,1.07,8.133,1.07,8.13024,1.07,8.21676,1.07,8.13024,1.07,8.13024,1.2,8.25888,1.2,8.25618,1.2,8.34396,1.2,8.25618,2.17067334,13.85088,2.163083496,14.51178,2.180115234,16.815,1.07,7.99986,1.07,8.00346,1.07,8.00328,1.07,8.0025,1.07,7.99986,1.07,8.08494
108,1.08,8.26206,1.08,8.26188,1.08,8.26104,1.08,8.25822,1.08,8.34612,1.08,8.25822,1.08,8.25822,1.21,8.38914,1.21,8.38638,1.21,8.47548,1.21,8.38638,2.190959961,14.01948,2.183299317,14.69322,2.200490234,16.98072,1.08,8.12598,1.08,8.12964,1.08,8.12946,1.08,8.12868,1.08,8.12598,1.08,8.21244
109,1.09,8.39028,1.09,8.3901,1.09,8.38926,1.09,8.38644,1.09,8.47566,1.09,8.38644,1.09,8.38644,1.22,8.51916,1.22,8.51634,1.22,8.60688,1.22,8.51634,2.21124707,14.13198,2.203514649,14.8755,2.220865234,17.10606,1.09,8.25186,1.09,8.25558,1.09,8.2554,1.09,8.25462,1.09,8.25186,1.09,8.3397
110,1.1,8.51844,1.1,8.51826,1.1,8.51742,1.1,8.51454,1.1,8.60514,1.1,8.51454,1.1,8.51454,1.23,8.64942,1.23,8.64654,1.23,8.73846,1.23,8.64654,2.231533691,14.23776,2.223730469,15.08862,2.241240234,17.205,1.1,8.3781,1.1,8.38188,1.1,8.3817,1.1,8.38086,1.1,8.3781,1.1,8.46726
111,1.11,8.6466,1.11,8.64648,1.11,8.64558,1.11,8.64264,1.11,8.73462,1.11,8.64264,1.11,8.64264,1.24,8.77944,1.24,8.77656,1.24,8.86986,1.24,8.77656,2.251820313,14.3754,2.243946289,15.3426,2.261614746,17.29122,1.11,8.5041,1.11,8.50788,1.11,8.5077,1.11,8.50686,1.11,8.5041,1.11,8.59458
112,1.12,8.77476,1.12,8.77458,1.12,8.77368,1.12,8.77074,1.12,8.86398,1.12,8.77074,1.12,8.77074,1.25,8.90958,1.25,8.90664,1.25,9.00126,1.25,8.90664,2.272106934,14.57934,2.26416211,15.60246,2.281989746,17.3541,1.12,8.6301,1.12,8.634,1.12,8.63382,1.12,8.63292,1.12,8.6301,1.12,8.72184
113,1.13,8.90298,1.13,8.9028,1.13,8.9019,1.13,8.89884,1.13,8.99352,1.13,8.89884,1.13,8.89884,1.26,9.03978,1.26,9.03678,1.26,9.13284,1.26,9.03678,2.292393555,14.82342,2.28437793,15.846,2.302364746,17.37444,1.13,8.75622,1.13,8.76018,1.13,8.76,1.13,8.7591,1.13,8.75622,1.13,8.8494
114,1.14,9.03102,1.14,9.03084,1.14,9.02994,1.14,9.02688,1.14,9.12294,1.14,9.02688,1.14,9.02688,1.27,9.1698,1.27,9.16674,1.27,9.26424,1.27,9.16674,2.312680176,15.06318,2.30459375,16.02348,2.322739746,17.32998,1.14,8.8821,1.14,8.88606,1.14,8.88588,1.14,8.88498,1.14,8.8821,1.14,8.9766
115,1.15,9.15918,1.15,9.15894,1.15,9.15804,1.15,9.15492,1.15,9.25236,1.15,9.15492,1.15,9.15492,1.28,9.29994,1.28,9.29688,1.28,9.3957,1.28,9.29688,2.332966797,15.27414,2.324809082,16.11678,2.343114746,17.20122,1.15,9.00822,1.15,9.0123,1.15,9.01212,1.15,9.01122,1.15,9.00822,1.15,9.1041
116,1.16,9.28746,1.16,9.28728,1.16,9.28638,1.16,9.2832,1.16,9.38196,1.16,9.2832,1.16,9.2832,1.29,9.43014,1.29,9.42702,1.29,9.52728,1.29,9.42702,2.353253418,15.44334,2.345024903,16.15614,2.363489258,17.01816,1.16,9.13434,1.16,9.13842,1.16,9.13824,1.16,9.13734,1.16,9.13434,1.16,9.23148
117,1.17,9.41538,1.17,9.4152,1.17,9.41424,1.17,9.41106,1.17,9.5112,1.17,9.41106,1.17,9.41106,1.3,9.56016,1.3,9.55704,1.3,9.65862,1.3,9.55704,2.373540039,15.60222,2.365240723,16.16544,2.383864258,16.82784,1.17,9.26022,1.17,9.26442,1.17,9.26424,1.17,9.26328,1.17,9.26022,1.17,9.3588
118,1.18,9.54366,1.18,9.54348,1.18,9.54252,1.18,9.53928,1.18,9.6408,1.18,9.53928,1.18,9.53928,1.31,9.69024,1.31,9.68706,1.31,9.79008,1.31,9.68706,2.393827149,15.77364,2.385456543,16.194,2.404239258,16.64016,1.18,9.38634,1.18,9.3906,1.18,9.39036,1.18,9.38946,1.18,9.38634,1.18,9.48618
119,1.19,9.67182,1.19,9.67164,1.19,9.67068,1.19,9.66738,1.19,9.77022,1.19,9.66738,1.19,9.66738,1.32,9.8205,1.32,9.81726,1.32,9.9216,1.32,9.81726,2.41411377,15.96996,2.405672363,16.2696,2.424614258,16.4229,1.19,9.51234,1.19,9.51666,1.19,9.51648,1.19,9.51552,1.19,9.51234,1.19,9.61362
120,1.2,9.79992,1.2,9.79974,1.2,9.79878,1.2,9.79542,1.2,9.8997,1.2,9.79542,1.2,9.79542,1.33,9.95052,1.33,9.94722,1.33,10.05294,1.33,9.94722,2.434400391,16.18482,2.425887695,16.39638,2.444989258,16.11516,1.2,9.6384,1.2,9.64278,1.2,9.6426,1.2,9.64158,1.2,9.6384,1.2,9.741
121,1.21,9.9282,1.21,9.92796,1.21,9.927,1.21,9.92364,1.21,10.02918,1.21,9.92364,1.21,9.92364,1.34,10.08078,1.34,10.07742,1.34,10.18458,1.34,10.07742,2.454687012,16.38012,2.446103516,16.53756,2.465364258,15.64902,1.21,9.76446,1.21,9.76884,1.21,9.76866,1.21,9.7677,1.21,9.76446,1.21,9.86832
122,1.22,10.05624,1.22,10.056,1.22,10.05504,1.22,10.05156,1.22,10.1586,1.22,10.05156,1.22,10.05156,1.35,10.21074,1.35,10.20738,1.35,10.31586,1.35,10.20738,2.474973633,16.5345,2.466319336,16.6461,2.485738769,14.9523,1.22,9.89046,1.22,9.89496,1.22,9.89472,1.22,9.89376,1.22,9.89046,1.22,9.99576
123,1.23,10.1844,1.23,10.18422,1.23,10.1832,1.23,10.17972,1.23,10.28802,1.23,10.17972,1.23,10.17972,1.36,10.34088,1.36,10.33746,1.36,10.44738,1.36,10.33746,2.495260254,16.64262,2.486535156,16.70928,2.506113769,13.98198,1.23,10.01652,1.23,10.02102,1.23,10.02084,1.23,10.01982,1.23,10.01652,1.23,10.12302
124,1.24,10.31256,1.24,10.31238,1.24,10.3113,1.24,10.30782,1.24,10.41756,1.24,10.30782,1.24,10.30782,1.37,10.47108,1.37,10.46766,1.37,10.57884,1.37,10.46766,2.515546875,16.70556,2.506750977,16.70502,2.526488769,12.69018,1.24,10.14258,1.24,10.1472,1.24,10.14696,1.24,10.14594,1.24,10.14258,1.24,10.25058
125,1.25,10.44078,1.25,10.44054,1.25,10.43952,1.25,10.43592,1.25,10.54698,1.25,10.43592,1.25,10.43592,1.38,10.60116,1.38,10.59768,1.38,10.71036,1.38,10.59768,2.535833496,16.74732,2.526966309,16.61532,2.546863769,11.06778,1.25,10.26864,1.25,10.27326,1.25,10.27308,1.25,10.27206,1.25,10.26864,1.25,10.3779
126,1.26,10.56888,1.26,10.56864,1.26,10.56762,1.26,10.56402,1.26,10.6764,1.26,10.56402,1.26,10.56402,1.39,10.7313,1.39,10.72776,1.39,10.84176,1.39,10.72776,2.556120117,16.77348,2.547182129,16.43118,2.567238769,9.22296,1.26,10.39464,1.26,10.39926,1.26,10.39908,1.26,10.39806,1.26,10.39464,1.26,10.50522
127,1.27,10.6971,1.27,10.69692,1.27,10.69584,1.27,10.69224,1.27,10.806,1.27,10.69224,1.27,10.69224,1.4,10.8615,1.4,10.8579,1.4,10.9734,1.4,10.8579,2.576406738,16.75974,2.567397949,16.1412,2.587613281,7.25646,1.27,10.52082,1.27,10.5255,1.27,10.52538,1.27,10.5243,1.27,10.52082,1.27,10.63278
128,1.28,10.82514,1.28,10.82496,1.28,10.82388,1.28,10.82016,1.28,10.93524,1.28,10.82016,1.28,10.82016,1.41,10.99152,1.41,10.98792,1.41,11.10468,1.41,10.98792,2.596693848,16.67454,2.58761377,15.71544,2.607988281,5.30094,1.28,10.6467,1.28,10.6515,1.28,10.65126,1.28,10.65024,1.28,10.6467,1.28,10.75992
129,1.29,10.95324,1.29,10.95312,1.29,10.95198,1.29,10.94826,1.29,11.06484,1.29,10.94826,1.29,10.94826,1.42,11.1216,1.42,11.11794,1.42,11.2362,1.42,11.11794,2.616980469,16.46046,2.60782959,15.10968,2.628363281,3.5229,1.29,10.77276,1.29,10.77756,1.29,10.77738,1.29,10.7763,1.29,10.77276,1.29,10.88742
130,1.3,11.08146,1.3,11.08134,1.3,11.08026,1.3,11.07648,1.3,11.19426,1.3,11.07648,1.3,11.07648,1.43,11.25186,1.43,11.24814,1.43,11.36766,1.43,11.24814,2.63726709,16.04574,2.62804541,14.24166,2.648738281,2.07654,1.3,10.89888,1.3,10.90368,1.3,10.90356,1.3,10.90248,1.3,10.89888,1.3,11.0148
131,1.31,11.20932,1.31,11.20938,1.31,11.20824,1.31,11.2044,1.31,11.32374,1.31,11.2044,1.31,11.2044,1.44,11.38188,1.44,11.3781,1.44,11.49912,1.44,11.3781,2.657553711,15.4065,2.648260742,13.03914,2.669113281,1.08528,1.31,11.02482,1.31,11.0295,1.31,11.02956,1.31,11.02842,1.31,11.02482,1.31,11.14218
132,1.32,11.33742,1.32,11.33766,1.32,11.33652,1.32,11.33268,1.32,11.45322,1.32,11.33268,1.32,11.33268,1.45,11.51208,1.45,11.5083,1.45,11.63064,1.45,11.5083,2.677840332,14.58024,2.668476563,11.55024,2.689488281,0.52764,1.32,11.15094,1.32,11.15556,1.32,11.1558,1.32,11.15466,1.32,11.15094,1.32,11.26962
133,1.33,11.46528,1.33,11.4657,1.33,11.46456,1.33,11.46066,1.33,11.58264,1.33,11.46066,1.33,11.46066,1.46,11.6421,1.46,11.63832,1.46,11.76204,1.46,11.63832,2.698126953,13.61082,2.688692383,9.90336,2.709862793,0.2754,1.33,11.27694,1.33,11.28138,1.33,11.2818,1.33,11.28066,1.33,11.27694,1.33,11.39688
134,1.34,11.59296,1.34,11.59386,1.34,11.59272,1.34,11.58876,1.34,11.71206,1.34,11.58876,1.34,11.58876,1.47,11.77224,1.47,11.7684,1.47,11.8935,1.47,11.7684,2.718413574,12.49524,2.708908203,8.145,2.730237793,0.17658,1.34,11.40294,1.34,11.40696,1.34,11.40786,1.34,11.40672,1.34,11.40294,1.34,11.52432
135,1.35,11.7204,1.35,11.72208,1.35,11.72088,1.35,11.71692,1.35,11.84154,1.35,11.71692,1.35,11.71692,1.48,11.90244,1.48,11.89854,1.48,12.02502,1.48,11.89854,2.738700195,11.18352,2.729124024,6.33942,2.750612793,0.13752,1.35,11.52906,1.35,11.53242,1.35,11.53404,1.35,11.5329,1.35,11.52906,1.35,11.6517
136,1.36,11.84724,1.36,11.85018,1.36,11.84898,1.36,11.84496,1.36,11.97102,1.36,11.84496,1.36,11.84496,1.49,12.03252,1.49,12.02856,1.49,12.15648,1.49,12.02856,2.758986816,9.639,2.749339356,4.55598,2.770987793,0.1191,1.36,11.655,1.36,11.65716,1.36,11.66004,1.36,11.6589,1.36,11.655,1.36,11.77914
137,1.37,11.97342,1.37,11.97828,1.37,11.97714,1.37,11.97306,1.37,12.10044,1.37,11.97306,1.37,11.97306,1.5,12.16266,1.5,12.15864,1.5,12.28788,1.5,12.15864,2.779273438,7.84122,2.769555176,2.94966,2.791362793,0.10974,1.37,11.78112,1.37,11.78136,1.37,11.78616,1.37,11.78502,1.37,11.78112,1.37,11.90646
138,1.38,12.09846,1.38,12.1065,1.38,12.1053,1.38,12.10116,1.38,12.22998,1.38,12.10116,1.38,12.10116,1.51,12.2928,1.51,12.28872,1.51,12.4194,1.51,12.28872,2.799560547,5.91756,2.789770996,1.67172,2.811737304,0.10314,1.38,11.90718,1.38,11.90442,1.38,11.91228,1.38,11.91108,1.38,11.90718,1.38,12.0339
139,1.39,12.222,1.39,12.2346,1.39,12.2334,1.39,12.22926,1.39,12.35928,1.39,12.22926,1.39,12.22926,1.52,12.42288,1.52,12.4188,1.52,12.55074,1.52,12.4188,2.819847168,4.0017,2.809986817,0.83628,2.832112304,0.09792,1.39,12.03318,1.39,12.02592,1.39,12.03828,1.39,12.03714,1.39,12.03318,1.39,12.16122
140,1.4,12.3426,1.4,12.36258,1.4,12.3615,1.4,12.3573,1.4,12.48882,1.4,12.3573,1.4,12.3573,1.53,12.55296,1.53,12.54882,1.53,12.68226,1.53,12.54882,2.840133789,2.35134,2.830202637,0.39156,2.852487304,0.0942,1.4,12.15924,1.4,12.14466,1.4,12.16434,1.4,12.16326,1.4,12.15924,1.4,12.2886
141,1.41,12.45996,1.41,12.49074,1.41,12.48978,1.41,12.48552,1.41,12.61836,1.41,12.48552,1.41,12.48552,1.54,12.68322,1.54,12.67902,1.54,12.81372,1.54,12.67902,2.86042041,1.17588,2.850418457,0.2151,2.872862304,0.09036,1.41,12.2853,1.41,12.2601,1.41,12.29034,1.41,12.28938,1.41,12.2853,1.41,12.4161
142,1.42,12.57186,1.42,12.61866,1.42,12.61782,1.42,12.61356,1.42,12.74778,1.42,12.61356,1.42,12.61356,1.55,12.81324,1.55,12.80898,1.55,12.94524,1.55,12.80898,2.880707031,0.53112,2.870633789,0.14754,2.893237304,0.08628,1.42,12.41136,1.42,12.37014,1.42,12.41622,1.42,12.41544,1.42,12.41136,1.42,12.5433
143,1.43,12.67656,1.43,12.74652,1.43,12.74598,1.43,12.74166,1.43,12.8772,1.43,12.74166,1.43,12.74166,1.56,12.94344,1.56,12.93918,1.56,13.07658,1.56,12.93918,2.900993652,0.26208,2.89084961,0.12036,2.913611816,0.08226,1.43,12.53736,1.43,12.47316,1.43,12.54198,1.43,12.5415,1.43,12.53736,1.43,12.67074
144,1.44,12.77154,1.44,12.8742,1.44,12.87414,1.44,12.86976,1.44,13.00668,1.44,12.86976,1.44,12.86976,1.57,13.07346,1.57,13.0692,1.57,13.20816,1.57,13.0692,2.921280274,0.16416,2.91106543,0.108,2.933986816,0.07806,1.44,12.66342,1.44,12.56664,1.44,12.66768,1.44,12.66762,1.44,12.66342,1.44,12.79812
145,1.45,12.85176,1.45,13.0014,1.45,13.00218,1.45,12.99774,1.45,13.1361,1.45,12.99774,1.45,12.99774,1.58,13.2036,1.58,13.19928,1.58,13.33956,1.58,13.19928,2.941566895,0.12924,2.93128125,0.10128,2.954361816,0.07428,1.45,12.78942,1.45,12.64554,1.45,12.79284,1.45,12.79362,1.45,12.78942,1.45,12.9255
146,1.46,12.91518,1.46,13.12824,1.46,13.1304,1.46,13.12596,1.46,13.26558,1.46,13.12596,1.46,13.12596,1.59,13.3338,1.59,13.32936,1.59,13.47108,1.59,13.32936,2.961853516,0.11352,2.95149707,0.09678,2.974736816,0.07068,1.46,12.91548,1.46,12.708,1.46,12.91764,1.46,12.91974,1.46,12.91548,1.46,13.05294
147,1.47,12.9534,1.47,13.25412,1.47,13.25844,1.47,13.254,1.47,13.39506,1.47,13.254,1.47,13.254,1.6,13.46388,1.6,13.45944,1.6,13.60254,1.6,13.45944,2.982140137,0.10488,2.971712403,0.09312,2.995111816,0.06672,1.47,13.04154,1.47,12.74562,1.47,13.0416,1.47,13.0458,1.47,13.04154,1.47,13.18026
148,1.48,12.96162,1.48,13.37886,1.48,13.3866,1.48,13.3821,1.48,13.52448,1.48,13.3821,1.48,13.3821,1.61,13.59396,1.61,13.58952,1.61,13.734,1.61,13.58952,3.002427246,0.09948,2.991928223,0.08928,3.015486328,0.063,1.48,13.16754,1.48,12.75372,1.48,13.16418,1.48,13.1718,1.48,13.16754,1.48,13.3077
149,1.49,12.9327,1.49,13.50174,1.49,13.51476,1.49,13.5102,1.49,13.65402,1.49,13.5102,1.49,13.5102,1.62,13.7241,1.62,13.7196,1.62,13.86546,1.62,13.7196,3.022713867,0.09558,3.012144043,0.0855,3.035861328,0.05874,1.49,13.29366,1.49,12.72516,1.49,13.2852,1.49,13.29798,1.49,13.29366,1.49,13.43502
150,1.5,12.85326,1.5,13.62174,1.5,13.64274,1.5,13.6383,1.5,13.78338,1.5,13.6383,1.5,13.6383,1.63,13.85406,1.63,13.84968,1.63,13.99692,1.63,13.84968,3.043000488,0.09174,3.032359863,0.08178,3.056236328,0.0549,1.5,13.4196,1.5,12.64704,1.5,13.40328,1.5,13.42386,1.5,13.4196,1.5,13.56246
151,1.51,12.72132,1.51,13.73808,1.51,13.77078,1.51,13.7664,1.51,13.91286,1.51,13.7664,1.51,13.7664,1.64,13.98402,1.64,13.9797,1.64,14.12838,1.64,13.9797,3.063287109,0.08844,3.052575684,0.07776,3.076611328,0.05106,1.51,13.54566,1.51,12.51732,1.51,13.51764,1.51,13.54986,1.51,13.54566,1.51,13.68978
152,1.52,12.51678,1.52,13.84818,1.52,13.8987,1.52,13.8945,1.52,14.0424,1.52,13.8945,1.52,13.8945,1.65,14.11404,1.65,14.1099,1.65,14.2599,1.65,14.1099,3.083573731,0.08478,3.072791504,0.07374,3.096986328,0.04764,1.52,13.67178,1.52,12.31602,1.52,13.626,1.52,13.67574,1.52,13.67178,1.52,13.81728
153,1.53,12.23754,1.53,13.9506,1.53,14.02638,1.53,14.0226,1.53,14.17182,1.53,14.0226,1.53,14.0226,1.66,14.24358,1.66,14.23986,1.66,14.3913,1.66,14.23986,3.103860352,0.081,3.093006836,0.07056,3.117361328,0.04488,1.53,13.79772,1.53,12.04122,1.53,13.72686,1.53,13.80132,1.53,13.79772,1.53,13.9446
154,1.54,11.87238,1.54,14.04216,1.54,14.15376,1.54,14.15058,1.54,14.30124,1.54,14.15058,1.54,14.15058,1.67,14.37306,1.67,14.37,1.67,14.5227,1.67,14.37,3.124146973,0.0774,3.113222656,0.06696,3.13773584,0.042,1.54,13.92378,1.54,11.68194,1.54,13.81692,1.54,13.92678,1.54,13.92378,1.54,14.07192
155,1.55,11.40684,1.55,14.118,1.55,14.28096,1.55,14.2788,1.55,14.43072,1.55,14.2788,1.55,14.2788,1.68,14.50212,1.68,14.50008,1.68,14.65428,1.68,14.50008,3.144433594,0.07434,3.133438477,0.0639,3.15811084,0.03942,1.55,14.04984,1.55,11.22384,1.55,13.8915,1.55,14.05182,1.55,14.04984,1.55,14.19936
156,1.56,10.8486,1.56,14.17566,1.56,14.40726,1.56,14.40684,1.56,14.56014,1.56,14.40684,1.56,14.40684,1.69,14.6304,1.69,14.63016,1.69,14.78562,1.69,14.63016,3.164720215,0.07128,3.153654297,0.06084,3.17848584,0.0363,1.56,14.1759,1.56,10.67454,1.56,13.94826,1.56,14.17614,1.56,14.1759,1.56,14.32668
157,1.57,10.17744,1.57,14.20476,1.57,14.53266,1.57,14.53494,1.57,14.68962,1.57,14.53494,1.57,14.53494,1.7,14.75772,1.7,14.76018,1.7,14.9172,1.7,14.76018,3.185006836,0.0678,3.173870117,0.05754,3.19886084,0.03246,1.57,14.3019,1.57,10.01418,1.57,13.97682,1.57,14.2995,1.57,14.3019,1.57,14.45412
158,1.58,9.41064,1.58,14.2023,1.58,14.65662,1.58,14.66304,1.58,14.8191,1.58,14.66304,1.58,14.66304,1.71,14.8836,1.71,14.89032,1.71,15.0486,1.71,14.89032,3.205293945,0.0645,3.194085449,0.05388,3.21923584,0.02838,1.58,14.4279,1.58,9.25974,1.58,13.97442,1.58,14.42142,1.58,14.4279,1.58,14.5815
159,1.59,8.55018,1.59,14.15796,1.59,14.77812,1.59,14.79102,1.59,14.94852,1.59,14.79102,1.59,14.79102,1.72,15.00708,1.72,15.02028,1.72,15.18012,1.72,15.02028,3.225580566,0.06114,3.21430127,0.05028,3.239610351,0.02442,1.59,14.5539,1.59,8.41302,1.59,13.93092,1.59,14.54112,1.59,14.5539,1.59,14.70888
160,1.6,7.60566,1.6,14.06022,1.6,14.89638,1.6,14.91906,1.6,15.07782,1.6,14.91906,1.6,14.91906,1.73,15.12702,1.73,15.1503,1.73,15.31152,1.73,15.1503,3.245867188,0.05772,3.23451709,0.0468,3.259985351,0.02076,1.6,14.67984,1.6,7.48368,1.6,13.83474,1.6,14.6574,1.6,14.67984,1.6,14.83626
161,1.61,6.60414,1.61,13.90578,1.61,15.01032,1.61,15.04692,1.61,15.20742,1.61,15.04692,1.61,15.04692,1.74,15.2427,1.74,15.27996,1.74,15.44274,1.74,15.27996,3.266153809,0.05406,3.25473291,0.04386,3.280360351,0.01734,1.61,14.80572,1.61,6.49818,1.61,13.6827,1.61,14.76948,1.61,14.80572,1.61,14.96358
162,1.62,5.56218,1.62,13.6701,1.62,15.11664,1.62,15.17478,1.62,15.3369,1.62,15.17478,1.62,15.17478,1.75,15.35094,1.75,15.40992,1.75,15.57444,1.75,15.40992,3.28644043,0.05058,3.274948731,0.04146,3.300735351,0.01458,1.62,14.93154,1.62,5.47296,1.62,13.4508,1.62,14.87424,1.62,14.93154,1.62,15.09078
163,1.63,4.51548,1.63,13.35588,1.63,15.21444,1.63,15.3024,1.63,15.46626,1.63,15.3024,1.63,15.3024,1.76,15.44988,1.76,15.5397,1.76,15.70602,1.76,15.5397,3.306727051,0.04734,3.295164551,0.03906,3.321110351,0.01224,1.63,15.05712,1.63,4.443,1.63,13.14168,1.63,14.97036,1.63,15.05712,1.63,15.21846
164,1.64,3.49776,1.64,12.94596,1.64,15.2991,1.64,15.42966,1.64,15.59568,1.64,15.42966,1.64,15.42966,1.77,15.53622,1.77,15.66888,1.77,15.83724,1.77,15.66888,3.327013672,0.04434,3.315379883,0.03648,3.341485351,0.01044,1.64,15.18246,1.64,3.44166,1.64,12.73824,1.64,15.0537,1.64,15.18246,1.64,15.34578
165,1.65,2.54772,1.65,12.4302,1.65,15.36636,1.65,15.55668,1.65,15.72522,1.65,15.55668,1.65,15.55668,1.78,15.6042,1.78,15.79764,1.78,15.96864,1.78,15.79764,3.347300293,0.042,3.335595703,0.03324,3.361859863,0.00924,1.65,15.30726,1.65,2.50686,1.65,12.23082,1.65,15.11976,1.65,15.30726,1.65,15.47304
166,1.66,1.69218,1.66,11.81436,1.66,15.41298,1.66,15.68292,1.66,15.8547,1.66,15.68292,1.66,15.68292,1.79,15.65166,1.79,15.92604,1.79,16.10034,1.79,15.92604,3.367586914,0.0393,3.355811524,0.02928,3.382234863,0.00846,1.66,15.4314,1.66,1.66506,1.66,11.62488,1.66,15.16584,1.66,15.4314,1.66,15.60048
167,1.67,0.9942,1.67,11.0739,1.67,15.4266,1.67,15.80778,1.67,15.98388,1.67,15.80778,1.67,15.80778,1.8,15.66564,1.8,16.053,1.8,16.23168,1.8,16.053,3.387873535,0.03648,3.376027344,0.02496,3.402609863,0.00786,1.67,15.55452,1.67,0.97824,1.67,10.89624,1.67,15.17934,1.67,15.55452,1.67,15.72786
168,1.68,0.45606,1.68,10.23354,1.68,15.4062,1.68,15.93162,1.68,16.11366,1.68,15.93162,1.68,15.93162,1.81,15.6447,1.81,16.17846,1.81,16.3632,1.81,16.17846,3.408160645,0.03312,3.396243164,0.02058,3.422984863,0.0072,1.68,15.6762,1.68,0.44874,1.68,10.06944,1.68,15.15912,1.68,15.6762,1.68,15.85536
169,1.69,0.1239,1.69,9.2898,1.69,15.3378,1.69,16.05252,1.69,16.24302,1.69,16.05252,1.69,16.05252,1.82,15.57534,1.82,16.30128,1.82,16.49448,1.82,16.30128,3.428447266,0.0285,3.416458496,0.0171,3.443359863,0.00672,1.69,15.795,1.69,0.12192,1.69,9.1407,1.69,15.0915,1.69,15.795,1.69,15.98238
170,1.7,0.0228,1.7,8.25864,1.7,15.21204,1.7,16.16964,1.7,16.37226,1.7,16.16964,1.7,16.16964,1.83,15.44742,1.83,16.4205,1.83,16.62594,1.83,16.4205,3.448733887,0.0237,3.436674317,0.01362,3.463734375,0.00618,1.7,15.91062,1.7,0.02244,1.7,8.12628,1.7,14.96802,1.7,15.91062,1.7,16.10982
171,1.71,0.0228,1.71,7.16616,1.71,15.0231,1.71,16.28268,1.71,16.50156,1.71,16.28268,1.71,16.28268,1.84,15.25566,1.84,16.53492,1.84,16.75728,1.84,16.53492,3.469020508,0.01842,3.456890137,0.0111,3.545234375,0.006,1.71,16.02156,1.71,0.02244,1.71,7.0512,1.71,14.78208,1.71,16.02156,1.71,16.23714
172,1.72,0.02286,1.72,6.03162,1.72,14.74626,1.72,16.38708,1.72,16.63086,1.72,16.38708,1.72,16.38708,1.85,14.97468,1.85,16.64106,1.85,16.88832,1.85,16.64106,3.489307129,0.01368,3.477105957,0.0093,3.565608886,0.006,1.72,16.12434,1.72,0.0225,1.72,5.9349,1.72,14.50962,1.72,16.12434,1.72,16.36416
173,1.73,0.02304,1.73,4.89306,1.73,14.38578,1.73,16.4826,1.73,16.75968,1.73,16.4826,1.73,16.4826,1.86,14.60856,1.86,16.73808,1.86,17.01924,1.86,16.73808,3.50959375,0.00996,3.497321778,0.0081,3.728608398,0.00612,1.73,16.21842,1.73,0.02268,1.73,4.81464,1.73,14.15496,1.73,16.21842,1.73,16.49094
174,1.74,0.02358,1.74,3.78864,1.74,13.91964,1.74,16.56336,1.74,16.88826,1.74,16.56336,1.74,16.56336,1.87,14.13522,1.87,16.8201,1.87,17.15004,1.87,16.8201,3.529880371,0.00804,3.517537598,0.00696,3.748983398,0.00618,1.74,16.2978,1.74,0.02316,1.74,3.72786,1.74,13.69632,1.74,16.2978,1.74,16.61772
175,1.75,0.02496,1.75,2.75694,1.75,13.344,1.75,16.62594,1.75,17.0166,1.75,16.62594,1.75,16.62594,1.88,13.55076,1.88,16.8834,1.88,17.28024,1.88,16.8834,3.550166992,0.00702,3.53775293,0.00636,3.769358398,0.00612,1.75,16.35924,1.75,0.02454,1.75,2.71272,1.75,13.12998,1.75,16.35924,1.75,16.74384
176,1.76,0.02862,1.76,1.83252,1.76,12.6591,1.76,16.66554,1.76,17.14398,1.76,16.66554,1.76,16.66554,1.89,12.85518,1.89,16.9239,1.89,17.4093,1.89,16.9239,3.570453613,0.00672,,,,,1.76,16.39842,1.76,0.02814,1.76,1.80312,1.76,12.45594,1.76,16.39842,1.76,16.86894
177,1.77,0.03726,1.77,1.07502,1.77,11.8464,1.77,16.67064,1.77,17.2701,1.77,16.67064,1.77,16.67064,1.9,12.02994,1.9,16.92912,1.9,17.53764,1.9,16.92912,3.590740723,0.00648,,,,,1.77,16.40346,1.77,0.03666,1.77,1.05774,1.77,11.65632,1.77,16.40346,1.77,16.99332
178,1.78,0.05586,1.78,0.49056,1.78,10.9296,1.78,16.63878,1.78,17.3946,1.78,16.63878,1.78,16.63878,1.91,11.09892,1.91,16.8966,1.91,17.66418,1.91,16.8966,3.611027344,0.00636,,,,,1.78,16.37196,1.78,0.05496,1.78,0.4827,1.78,10.75428,1.78,16.37196,1.78,17.11584
179,1.79,0.09684,1.79,0.13548,1.79,9.90306,1.79,16.55406,1.79,17.51628,1.79,16.55406,1.79,16.55406,1.92,10.05642,1.92,16.81074,1.92,17.78742,1.92,16.81074,3.631313965,0.00618,,,,,1.79,16.28874,1.79,0.09528,1.79,0.13332,1.79,9.74424,1.79,16.28874,1.79,17.23524
180,1.8,0.17424,1.8,0.02928,1.8,8.79012,1.8,16.40958,1.8,17.63418,1.8,16.40958,1.8,16.40958,1.93,8.92638,1.93,16.66386,1.93,17.9073,1.93,16.66386,3.651600586,0.00618,,,,,1.8,16.14636,1.8,0.17148,1.8,0.0288,1.8,8.64924,1.8,16.14636,1.8,17.35152
181,1.81,0.31002,1.81,0.02934,1.81,7.61406,1.81,16.1949,1.81,17.74644,1.81,16.1949,1.81,16.1949,1.94,7.73196,1.94,16.446,1.94,18.02148,1.94,16.446,3.671887207,0.00618,,,,,1.81,15.93534,1.81,0.30504,1.81,0.02886,1.81,7.49196,1.81,15.93534,1.81,17.46204
182,1.82,0.53196,1.82,0.02934,1.82,6.39912,1.82,15.88866,1.82,17.85066,1.82,15.88866,1.82,15.88866,1.95,6.49824,1.95,16.13484,1.95,18.12696,1.95,16.13484,3.692173828,0.00612,,,,,1.82,15.63378,1.82,0.52344,1.82,0.02886,1.82,6.29652,1.82,15.63378,1.82,17.5644
183,1.83,0.87264,1.83,0.02946,1.83,5.18316,1.83,15.49278,1.83,17.94456,1.83,15.49278,1.83,15.49278,1.96,5.26344,1.96,15.73296,1.96,18.22272,1.96,15.73296,3.712460449,0.00606,,,,,1.83,15.24432,1.83,0.85866,1.83,0.02898,1.83,5.1,1.83,15.24432,1.83,17.6571
184,1.84,1.36632,1.84,0.02994,1.84,4.0086,1.84,14.98068,1.84,18.02256,1.84,14.98068,1.84,14.98068,1.97,4.0707,1.97,15.21282,1.97,18.3015,1.97,15.21282,,,,,,,1.84,14.7405,1.84,1.34442,1.84,0.02946,1.84,3.94428,1.84,14.7405,1.84,17.73354
185,1.85,2.04402,1.85,0.03126,1.85,2.91234,1.85,14.35482,1.85,18.08118,1.85,14.35482,1.85,14.35482,1.98,2.95746,1.98,14.5773,1.98,18.36126,1.98,14.5773,,,,,,,1.85,14.12466,1.85,2.01126,1.85,0.03078,1.85,2.86566,1.85,14.12466,1.85,17.7912
186,1.86,2.92332,1.86,0.03504,1.86,1.93596,1.86,13.60854,1.86,18.1131,1.86,13.60854,1.86,13.60854,1.99,1.96596,1.99,13.8195,1.99,18.39384,1.99,13.8195,,,,,,,1.86,13.39044,1.86,2.8764,1.86,0.03444,1.86,1.90494,1.86,13.39044,1.86,17.82288
187,1.87,3.75492,1.87,0.04392,1.87,1.13346,1.87,12.72966,1.87,18.11016,1.87,12.72966,1.87,12.72966,2,1.15104,2,12.927,2,18.39084,2,12.927,,,,,,,1.87,12.5256,1.87,3.69468,1.87,0.04326,1.87,1.11528,1.87,12.5256,1.87,17.81994
188,1.88,4.7247,1.88,0.0639,1.88,0.5142,1.88,11.73978,1.88,18.06744,1.88,11.73978,1.88,11.73978,2.01,0.52212,2.01,11.9217,2.01,18.34728,2.01,11.9217,,,,,,,1.88,11.55156,1.88,4.64892,1.88,0.06288,1.88,0.50592,1.88,11.55156,1.88,17.77764
189,1.89,5.808,1.89,0.10476,1.89,0.14406,1.89,10.63002,1.89,17.9646,1.89,10.63002,1.89,10.63002,2.02,0.14628,2.02,10.79478,2.02,18.24294,2.02,10.79478,,,,,,,1.89,10.45956,1.89,5.71482,1.89,0.10308,1.89,0.14172,1.89,10.45956,1.89,17.67672
190,1.9,6.98928,1.9,0.18198,1.9,0.03618,1.9,9.43146,1.9,17.80146,1.9,9.43146,1.9,9.43146,2.03,0.03672,2.03,9.57768,2.03,18.07722,2.03,9.57768,,,,,,,1.9,9.28032,1.9,6.87714,1.9,0.17904,1.9,0.03558,1.9,9.28032,1.9,17.51616
191,1.91,8.24886,1.91,0.318,1.91,0.03618,1.91,8.1648,1.91,17.55522,1.91,8.1648,1.91,8.1648,2.04,0.03672,2.04,8.2914,2.04,17.8272,2.04,8.2914,,,,,,,1.91,8.034,1.91,8.11662,1.91,0.3129,1.91,0.03558,1.91,8.034,1.91,17.27382
192,1.92,9.56388,1.92,0.54156,1.92,0.03624,1.92,6.85896,1.92,17.21832,1.92,6.85896,1.92,6.85896,2.05,0.03678,2.05,6.96528,2.05,17.4852,2.05,6.96528,,,,,,,1.92,6.74898,1.92,9.4104,1.92,0.53292,1.92,0.03564,1.92,6.74898,1.92,16.94244
193,1.93,10.90914,1.93,0.8865,1.93,0.03642,1.93,5.55252,1.93,16.78032,1.93,5.55252,1.93,5.55252,2.06,0.03696,2.06,5.63862,2.06,17.04006,2.06,5.63862,,,,,,,1.93,5.46354,1.93,10.73412,1.93,0.87228,1.93,0.03582,1.93,5.46354,1.93,16.5111
194,1.94,12.25926,1.94,1.38762,1.94,0.03696,1.94,4.29294,1.94,16.2168,1.94,4.29294,1.94,4.29294,2.07,0.03756,2.07,4.35948,2.07,16.46802,2.07,4.35948,,,,,,,1.94,4.22412,1.94,12.06264,1.94,1.36536,1.94,0.03636,1.94,4.22412,1.94,15.95676
195,1.95,13.58532,1.95,2.0763,1.95,0.03846,1.95,3.11634,1.95,15.53766,1.95,3.11634,1.95,3.11634,2.08,0.039,2.08,3.16464,2.08,15.7782,2.08,3.16464,,,,,,,1.95,3.06636,1.95,13.36734,1.95,2.043,1.95,0.0378,1.95,3.06636,1.95,15.28842
196,1.96,14.85654,1.96,2.9223,1.96,0.04158,1.96,2.073,1.96,14.71476,1.96,2.073,1.96,2.073,2.09,0.04224,2.09,2.1051,2.09,14.94264,2.09,2.1051,,,,,,,1.96,2.03976,1.96,14.61828,1.96,2.87544,1.96,0.04092,1.96,2.03976,1.96,14.47884
197,1.97,16.05678,1.97,3.89796,1.97,0.05136,1.97,1.2117,1.97,13.76406,1.97,1.2117,1.97,1.2117,2.1,0.05214,2.1,1.23048,2.1,13.97718,2.1,1.23048,,,,,,,1.97,1.19226,1.97,15.79902,1.97,3.83544,1.97,0.05052,1.97,1.19226,1.97,13.54338
198,1.98,17.17134,1.98,5.04066,1.98,0.07302,1.98,0.54642,1.98,12.684,1.98,0.54642,1.98,0.54642,2.11,0.07416,2.11,0.55488,2.11,12.88044,2.11,0.55488,,,,,,,1.98,0.53766,1.98,16.89576,1.98,4.95978,1.98,0.07182,1.98,0.53766,1.98,12.48066
199,1.99,18.18954,1.99,6.33738,1.99,0.11526,1.99,0.15582,1.99,11.47962,1.99,0.15582,1.99,0.15582,2.12,0.117,2.12,0.15822,2.12,11.6574,2.12,0.15822,,,,,,,1.99,0.15336,1.99,17.8977,1.99,6.23574,1.99,0.1134,1.99,0.15336,1.99,11.29554
200,2,19.10388,2,7.77924,2,0.18912,2,0.04122,2,10.182,2,0.04122,2,0.04122,2.13,0.19206,2.13,0.04182,2.13,10.33968,2.13,0.04182,,,,,,,2,0.04056,2,18.79734,2,7.65444,2,0.18606,2,0.04056,2,10.01874
201,2.01,19.91124,2.01,9.30432,2.01,0.3195,2.01,0.04122,2.01,8.75538,2.01,0.04122,2.01,0.04122,2.14,0.32442,2.14,0.04182,2.14,8.89092,2.14,0.04182,,,,,,,2.01,0.04056,2.01,19.59192,2.01,9.15498,2.01,0.31434,2.01,0.04056,2.01,8.61492
202,2.02,20.61198,2.02,10.87092,2.02,0.55308,2.02,0.04128,2.02,7.3065,2.02,0.04128,2.02,0.04128,2.15,0.5616,2.15,0.04188,2.15,7.41966,2.15,0.04188,,,,,,,2.02,0.04062,2.02,20.28132,2.02,10.6965,2.02,0.5442,2.02,0.04062,2.02,7.18938
203,2.03,21.20082,2.03,12.43908,2.03,0.90486,2.03,0.04152,2.03,5.87478,2.03,0.04152,2.03,0.04152,2.16,0.91884,2.16,0.04218,2.16,5.96574,2.16,0.04218,,,,,,,2.03,0.04086,2.03,20.8608,2.03,12.23952,2.03,0.89034,2.03,0.04086,2.03,5.78058
204,2.04,21.68466,2.04,13.97082,2.04,1.40004,2.04,0.04194,2.04,4.51326,2.04,0.04194,2.04,0.04194,2.17,1.4217,2.17,0.0426,2.17,4.58316,2.17,0.0426,,,,,,,2.04,0.04128,2.04,21.33678,2.04,13.74672,2.04,1.37754,2.04,0.04128,2.04,4.44084
205,2.05,22.08126,2.05,15.43158,2.05,2.06268,2.05,0.04392,2.05,3.2544,2.05,0.04392,2.05,0.04392,2.18,2.09466,2.18,0.04458,2.18,3.3048,2.18,0.04458,,,,,,,2.05,0.0432,2.05,21.72702,2.05,15.1842,2.05,2.02962,2.05,0.0432,2.05,3.2022
206,2.06,22.39908,2.06,16.79232,2.06,2.97498,2.06,0.0474,2.06,2.14968,2.06,0.0474,2.06,0.0474,2.19,3.02106,2.19,0.04812,2.19,2.18298,2.19,0.04812,,,,,,,2.06,0.04662,2.06,22.0398,2.06,16.52274,2.06,2.92728,2.06,0.04662,2.06,2.11524
207,2.07,22.64802,2.07,18.01104,2.07,4.19604,2.07,0.05784,2.07,1.25046,2.07,0.05784,2.07,0.05784,2.2,4.26096,2.2,0.05874,2.2,1.26978,2.2,0.05874,,,,,,,2.07,0.05694,2.07,22.28466,2.07,17.72208,2.07,4.12866,2.07,0.05694,2.07,1.23036
208,2.08,22.8372,2.08,19.08048,2.08,5.67126,2.08,0.0807,2.08,0.5658,2.08,0.0807,2.08,0.0807,2.21,5.7591,2.21,0.08196,2.21,0.57456,2.21,0.08196,,,,,,,2.08,0.07938,2.08,22.47084,2.08,18.77442,2.08,5.58024,2.08,0.07938,2.08,0.55674
209,2.09,22.97622,2.09,20.00496,2.09,7.34682,2.09,0.1167,2.09,0.15486,2.09,0.1167,2.09,0.1167,2.22,7.46064,2.22,0.1185,2.22,0.15726,2.22,0.1185,,,,,,,2.09,0.11484,2.09,22.60758,2.09,19.68402,2.09,7.22898,2.09,0.11484,2.09,0.1524
210,2.1,23.0745,2.1,20.78622,2.1,9.17022,2.1,0.20724,2.1,0.02844,2.1,0.20724,2.1,0.20724,2.23,9.31224,2.23,0.21042,2.23,0.02892,2.23,0.21042,,,,,,,2.1,0.20388,2.1,22.70436,2.1,20.45274,2.1,9.02316,2.1,0.20388,2.1,0.02802
211,2.11,23.13768,2.11,21.43104,2.11,11.07654,2.11,0.33384,2.11,0.02844,2.11,0.33384,2.11,0.33384,2.24,11.24808,2.24,0.339,2.24,0.02892,2.24,0.339,,,,,,,2.11,0.32844,2.11,22.76646,2.11,21.08724,2.11,10.89882,2.11,0.32844,2.11,0.02802
212,2.12,23.1765,2.12,21.94914,2.12,12.98868,2.12,0.56874,2.12,0.02862,2.12,0.56874,2.12,0.56874,2.25,13.18992,2.25,0.57756,2.25,0.02904,2.25,0.57756,,,,,,,2.12,0.55962,2.12,22.80468,2.12,21.59706,2.12,12.78042,2.12,0.55962,2.12,0.02814
213,2.13,23.19936,2.13,22.353,2.13,14.81094,2.13,0.92634,2.13,0.02874,2.13,0.92634,2.13,0.92634,2.26,15.04026,2.26,0.94074,2.26,0.02916,2.26,0.94074,,,,,,,2.13,0.91152,2.13,22.82718,2.13,21.99444,2.13,14.57328,2.13,0.91152,2.13,0.02826
214,2.14,23.2113,2.14,22.64958,2.14,16.48998,2.14,1.38708,2.14,0.02982,2.14,1.38708,2.14,1.38708,2.27,16.74546,2.27,1.40856,2.27,0.0303,2.27,1.40856,,,,,,,2.14,1.36482,2.14,22.83894,2.14,22.28622,2.14,16.22556,2.14,1.36482,2.14,0.02934
215,2.15,23.21646,2.15,22.85922,2.15,17.98824,2.15,2.12874,2.15,0.03162,2.15,2.12874,2.15,2.12874,2.28,18.26688,2.28,2.1618,2.28,0.0321,2.28,2.1618,,,,,,,2.15,2.09466,2.15,22.84404,2.15,22.49256,2.15,17.69976,2.15,2.09466,2.15,0.03108
216,2.16,23.21814,2.16,23.00568,2.16,19.28292,2.16,3.11352,2.16,0.03588,2.16,3.11352,2.16,3.11352,2.29,19.58148,2.29,3.16182,2.29,0.03642,2.29,3.16182,,,,,,,2.16,3.0636,2.16,22.84566,2.16,22.63662,2.16,18.9735,2.16,3.0636,2.16,0.03534
217,2.17,23.21844,2.17,23.10282,2.17,20.36448,2.17,4.78086,2.17,0.05028,2.17,4.78086,2.17,4.78086,2.3,20.6799,2.3,4.85496,2.3,0.05106,2.3,4.85496,,,,,,,2.17,4.70418,2.17,22.84596,2.17,22.7322,2.17,20.03778,2.17,4.70418,2.17,0.0495
218,2.18,23.21838,2.18,23.16246,2.18,21.23616,2.18,6.87354,2.18,0.06474,2.18,6.87354,2.18,6.87354,2.31,21.56502,2.31,6.98004,2.31,0.06576,2.31,6.98004,,,,,,,2.18,6.76326,2.18,22.8459,2.18,22.79088,2.18,20.89548,2.18,6.76326,2.18,0.06372
219,2.19,23.21796,2.19,23.1957,2.19,21.89832,2.19,9.27012,2.19,0.12774,2.19,9.27012,2.19,9.27012,2.32,22.2375,2.32,9.41376,2.32,0.12972,2.32,9.41376,,,,,,,2.19,9.1215,2.19,22.84548,2.19,22.82358,2.19,21.54708,2.19,9.1215,2.19,0.1257
220,2.2,23.21538,2.2,23.21136,2.2,22.37196,2.2,11.76384,2.2,0.20244,2.2,11.76384,2.2,11.76384,2.33,22.71852,2.33,11.94618,2.33,0.20562,2.33,11.94618,,,,,,,2.2,11.5752,2.2,22.84296,2.2,22.839,2.2,22.01304,2.2,11.5752,2.2,0.1992
221,2.21,23.208,2.21,23.2167,2.21,22.7091,2.21,14.1957,2.21,0.35322,2.21,14.1957,2.21,14.1957,2.34,23.06082,2.34,14.41566,2.34,0.35868,2.34,14.41566,,,,,,,2.21,13.96806,2.21,22.8357,2.21,22.84428,2.21,22.34478,2.21,13.96806,2.21,0.34758
222,2.22,23.19192,2.22,23.21778,2.22,22.93578,2.22,16.42998,2.22,0.61218,2.22,16.42998,2.22,16.42998,2.35,23.29104,2.35,16.68444,2.35,0.62166,2.35,16.68444,,,,,,,2.22,16.16634,2.22,22.81986,2.22,22.84536,2.22,22.56786,2.22,16.16634,2.22,0.60234
223,2.23,23.16252,2.23,23.2179,2.23,23.07828,2.23,18.36756,2.23,0.87822,2.23,18.36756,2.23,18.36756,2.36,23.43576,2.36,18.65208,2.36,0.89184,2.36,18.65208,,,,,,,2.23,18.07308,2.23,22.79088,2.23,22.84548,2.23,22.70808,2.23,18.07308,2.23,0.86412
224,2.24,23.1141,2.24,23.21754,2.24,23.1588,2.24,19.95096,2.24,1.5111,2.24,19.95096,2.24,19.95096,2.37,23.51748,2.37,20.26008,2.37,1.5345,2.37,20.26008,,,,,,,2.24,19.63116,2.24,22.74336,2.24,22.84506,2.24,22.78722,2.24,19.63116,2.24,1.48686
225,2.25,23.03994,2.25,23.21502,2.25,23.1981,2.25,21.16698,2.25,2.14392,2.25,21.16698,2.25,21.16698,2.38,23.55744,2.38,21.49512,2.38,2.1771,2.38,21.49512,,,,,,,2.25,20.82768,2.25,22.67034,2.25,22.8426,2.25,22.82592,2.25,20.82768,2.25,2.10954
226,2.26,22.93236,2.26,23.20698,2.26,23.21178,2.26,22.00248,2.26,4.00602,2.26,22.00248,2.26,22.00248,2.39,23.5713,2.39,22.34352,2.39,4.06806,2.39,22.34352,,,,,,,2.26,21.64974,2.26,22.5645,2.26,22.83474,2.26,22.83942,2.26,21.64974,2.26,3.94176
227,2.27,22.77648,2.27,23.18838,2.27,23.21502,2.27,22.55088,2.27,7.18692,2.27,22.55088,2.27,22.55088,2.4,23.5746,2.4,22.90044,2.4,7.29822,2.4,22.90044,,,,,,,2.27,22.18932,2.27,22.41108,2.27,22.81638,2.27,22.8426,2.27,22.18932,2.27,7.07166
228,2.28,22.56408,2.28,23.15172,2.28,23.21556,2.28,22.8903,2.28,11.01288,2.28,22.8903,2.28,22.8903,2.41,23.5752,2.41,23.24508,2.41,11.18352,2.41,23.24508,,,,,,,2.28,22.52334,2.28,22.2021,2.28,22.78026,2.28,22.84314,2.28,22.52334,2.28,10.83636
229,2.29,22.28742,2.29,23.08092,2.29,23.21496,2.29,23.07876,2.29,14.87034,2.29,23.07876,2.29,23.07876,2.42,23.57454,2.42,23.43648,2.42,15.10056,2.42,23.43648,,,,,,,2.29,22.7088,2.29,21.92988,2.29,22.71066,2.29,22.84254,2.29,22.7088,2.29,14.63202
230,2.3,21.93678,2.3,22.96662,2.3,23.21058,2.3,23.16798,2.3,18.1848,2.3,23.16798,2.3,23.16798,2.43,23.5701,2.43,23.52708,2.43,18.46632,2.43,23.52708,,,,,,,2.3,22.79652,2.3,21.58488,2.3,22.59816,2.3,22.83822,2.3,22.79652,2.3,17.89326
231,2.31,21.50286,2.31,22.79622,2.31,23.19588,2.31,23.20062,2.31,20.63148,2.31,23.20062,2.31,23.20062,2.44,23.55516,2.44,23.56026,2.44,20.95116,2.44,23.56026,,,,,,,2.31,22.82868,2.31,21.15786,2.31,22.43052,2.31,22.82376,2.31,22.82868,2.31,20.30082
232,2.32,20.97756,2.32,22.5555,2.32,23.16048,2.32,23.20752,2.32,22.1799,2.32,23.20752,2.32,23.20752,2.45,23.51922,2.45,23.56722,2.45,22.52346,2.45,23.56722,,,,,,,2.32,22.83546,2.32,20.64108,2.32,22.19364,2.32,22.7889,2.32,22.83546,2.32,21.82434
233,2.33,20.35368,2.33,22.22922,2.33,23.08458,2.33,23.20776,2.33,23.00124,2.33,23.20776,2.33,23.20776,2.46,23.44212,2.46,23.56746,2.46,23.35752,2.46,23.56746,,,,,,,2.33,22.8357,2.33,20.02716,2.33,21.87258,2.33,22.71426,2.33,22.8357,2.33,22.63248
234,2.34,19.6254,2.34,21.80316,2.34,22.94004,2.34,23.2053,2.34,23.3457,2.34,23.2053,2.34,23.2053,2.47,23.29536,2.47,23.56494,2.47,23.70732,2.47,23.56494,,,,,,,2.34,22.83324,2.34,19.31058,2.34,21.45342,2.34,22.57206,2.34,22.83324,2.34,22.97142
235,2.35,18.77544,2.35,21.26208,2.35,22.70754,2.35,23.18598,2.35,23.44326,2.35,23.18598,2.35,23.18598,2.48,23.05932,2.48,23.54538,2.48,23.80632,2.48,23.54538,,,,,,,2.35,22.81428,2.35,18.47406,2.35,20.92098,2.35,22.34328,2.35,22.81428,2.35,23.06742
236,2.36,17.81496,2.36,20.5695,2.36,22.36032,2.36,23.12262,2.36,23.45448,2.36,23.12262,2.36,23.12262,2.49,22.70664,2.49,23.481,2.49,23.81778,2.49,23.481,,,,,,,2.36,22.75194,2.36,17.52924,2.36,20.2395,2.36,22.00158,2.36,22.75194,2.36,23.07852
237,2.37,16.75326,2.37,19.73202,2.37,21.87192,2.37,22.97682,2.37,23.45178,2.37,22.97682,2.37,22.97682,2.5,22.21074,2.5,23.33292,2.5,23.81502,2.5,23.33292,,,,,,,2.37,22.60842,2.37,16.48446,2.37,19.41564,2.37,21.52104,2.37,22.60842,2.37,23.07588
238,2.38,15.59976,2.38,18.74988,2.38,21.21732,2.38,22.69974,2.38,23.41386,2.38,22.69974,2.38,22.69974,2.51,21.54588,2.51,23.05158,2.51,23.7765,2.51,23.05158,,,,,,,2.38,22.33578,2.38,15.34962,2.38,18.44904,2.38,20.877,2.38,22.33578,2.38,23.0385
239,2.39,14.36778,2.39,17.62392,2.39,20.37264,2.39,22.23408,2.39,23.20962,2.39,22.23408,2.39,22.23408,2.52,20.68818,2.52,22.57872,2.52,23.56914,2.52,22.57872,,,,,,,2.39,21.87762,2.39,14.13726,2.39,17.34132,2.39,20.04576,2.39,21.87762,2.39,22.8375
240,2.4,13.0737,2.4,16.36236,2.4,19.29582,2.4,21.52032,2.4,22.63116,2.4,21.52032,2.4,21.52032,2.53,19.59468,2.53,21.85392,2.53,22.98168,2.53,21.85392,,,,,,,2.4,21.17532,2.4,12.864,2.4,16.10004,2.4,18.98622,2.4,21.17532,2.4,22.26834
241,2.41,11.73798,2.41,14.98032,2.41,17.98386,2.41,20.46768,2.41,21.42234,2.41,20.46768,2.41,20.46768,2.54,18.26244,2.54,20.7849,2.54,21.75414,2.54,20.7849,,,,,,,2.41,20.1396,2.41,11.5497,2.41,14.74002,2.41,17.69544,2.41,20.1396,2.41,21.0789
242,2.42,10.38372,2.42,13.4985,2.42,16.46892,2.42,19.02042,2.42,19.35708,2.42,19.02042,2.42,19.02042,2.55,16.72392,2.55,19.31544,2.55,19.65702,2.55,19.31544,,,,,,,2.42,18.71568,2.42,10.2171,2.42,13.2819,2.42,16.20474,2.42,18.71568,2.42,19.04676
243,2.43,9.04242,2.43,11.94246,2.43,14.7783,2.43,17.2077,2.43,16.36536,2.43,17.2077,2.43,17.2077,2.56,15.00726,2.56,17.47452,2.56,16.61898,2.56,17.47452,,,,,,,2.43,16.93194,2.43,8.89734,2.43,11.75088,2.43,14.5413,2.43,16.93194,2.43,16.1031
244,2.44,7.7445,2.44,10.36386,2.44,12.95436,2.44,15.07032,2.44,12.65178,2.44,15.07032,2.44,15.07032,2.57,13.155,2.57,15.30396,2.57,12.8478,2.57,15.30396,,,,,,,2.44,14.82888,2.44,7.62024,2.44,10.1976,2.44,12.74658,2.44,14.82888,2.44,12.44892
245,2.45,6.51372,2.45,8.80734,2.45,11.0514,2.45,12.69468,2.45,8.71758,2.45,12.69468,2.45,12.69468,2.58,11.22252,2.58,12.89142,2.58,8.8527,2.58,12.89142,,,,,,,2.45,12.49122,2.45,6.4092,2.45,8.6661,2.45,10.8741,2.45,12.49122,2.45,8.5779
246,2.46,5.37138,2.46,7.31208,2.46,9.13506,2.46,10.20504,2.46,5.2038,2.46,10.20504,2.46,10.20504,2.59,9.2766,2.59,10.36326,2.59,5.28438,2.59,10.36326,,,,,,,2.46,10.04142,2.46,5.28522,2.46,7.19478,2.46,8.98854,2.46,10.04142,2.46,5.1204
247,2.47,4.33482,2.47,5.91492,2.47,7.29696,2.47,7.75356,2.47,3.26442,2.47,7.75356,2.47,7.75356,2.6,7.41,2.6,7.87374,2.6,3.315,2.6,7.87374,,,,,,,2.47,7.62918,2.47,4.26522,2.47,5.82006,2.47,7.1799,2.47,7.62918,2.47,3.2121
248,2.48,3.41664,2.48,4.6476,2.48,5.6244,2.48,5.50146,2.48,2.34246,2.48,5.50146,2.48,5.50146,2.61,5.71152,2.61,5.58678,2.61,2.3787,2.61,5.58678,,,,,,,2.48,5.41326,2.48,3.3618,2.48,4.57296,2.48,5.53416,2.48,5.41326,2.48,2.3049
249,2.49,2.59296,2.49,3.5343,2.49,4.16184,2.49,3.65814,2.49,1.49946,2.49,3.65814,2.49,3.65814,2.62,4.22628,2.62,3.71484,2.62,1.52268,2.62,3.71484,,,,,,,2.49,3.59946,2.49,2.55132,2.49,3.4776,2.49,4.09506,2.49,3.59946,2.49,1.4754
250,2.5,1.77522,2.5,2.60556,2.5,2.99082,2.5,2.60928,2.5,1.0479,2.5,2.60928,2.5,2.60928,2.63,3.03714,2.63,2.64972,2.63,1.06416,2.63,2.64972,,,,,,,2.5,2.56746,2.5,1.74672,2.5,2.5638,2.5,2.94282,2.5,2.56746,2.5,1.0311
251,2.51,1.15854,2.51,1.7886,2.51,2.0715,2.51,1.75416,2.51,0.59634,2.51,1.75416,2.51,1.75416,2.64,2.10354,2.64,1.78134,2.64,0.60558,2.64,1.78134,,,,,,,2.51,1.72608,2.51,1.14,2.51,1.75986,2.51,2.03826,2.51,1.72608,2.51,0.5868
252,2.52,0.71712,2.52,1.16826,2.52,1.35156,2.52,1.16412,2.52,0.37032,2.52,1.16412,2.52,1.16412,2.65,1.37244,2.65,1.18212,2.65,0.37602,2.65,1.18212,,,,,,,2.52,1.1454,2.52,0.7056,2.52,1.14954,2.52,1.32984,2.52,1.1454,2.52,0.36438
253,2.53,0.4185,2.53,0.72576,2.53,0.87174,2.53,0.72822,2.53,0.20994,2.53,0.72822,2.53,0.72822,2.66,0.88524,2.66,0.7395,2.66,0.21318,2.66,0.7395,,,,,,,2.53,0.71652,2.53,0.41178,2.53,0.71406,2.53,0.85776,2.53,0.71652,2.53,0.20658
254,2.54,0.22848,2.54,0.42714,2.54,0.53034,2.54,0.40554,2.54,0.0957,2.54,0.40554,2.54,0.40554,2.67,0.53856,2.67,0.41178,2.67,0.0972,2.67,0.41178,,,,,,,2.54,0.399,2.54,0.22482,2.54,0.4203,2.54,0.52182,2.54,0.399,2.54,0.09414
255,2.55,0.11574,2.55,0.23724,2.55,0.29946,2.55,0.24342,2.55,0.0564,2.55,0.24342,2.55,0.24342,2.68,0.30414,2.68,0.2472,2.68,0.0573,2.68,0.2472,,,,,,,2.55,0.23952,2.55,0.11388,2.55,0.23346,2.55,0.29466,2.55,0.23952,2.55,0.0555
256,2.56,0.05676,2.56,0.12378,2.56,0.15462,2.56,0.11946,2.56,0.01716,2.56,0.11946,2.56,0.11946,2.69,0.15702,2.69,0.12126,2.69,0.0174,2.69,0.12126,,,,,,,2.56,0.11754,2.56,0.0558,2.56,0.1218,2.56,0.15216,2.56,0.11754,2.56,0.01686
257,2.57,0.02592,2.57,0.06048,2.57,0.07614,2.57,0.06132,2.57,0.01044,2.57,0.06132,2.57,0.06132,2.7,0.07734,2.7,0.06228,2.7,0.01056,2.7,0.06228,,,,,,,2.57,0.06036,2.57,0.0255,2.57,0.05952,2.57,0.07494,2.57,0.06036,2.57,0.01026
258,2.58,0.01098,2.58,0.02748,2.58,0.03762,2.58,0.02838,2.58,0.00414,2.58,0.02838,2.58,0.02838,2.71,0.03822,2.71,0.0288,2.71,0.0042,2.71,0.0288,,,,,,,2.58,0.0279,2.58,0.0108,2.58,0.02706,2.58,0.03702,2.58,0.0279,2.58,0.00408
259,2.59,0.00426,2.59,0.01158,2.59,0.01644,2.59,0.0099,2.59,0.0012,2.59,0.0099,2.59,0.0099,2.72,0.01674,2.72,0.01002,2.72,0.00126,2.72,0.01002,,,,,,,2.59,0.00972,2.59,0.0042,2.59,0.0114,2.59,0.0162,2.59,0.00972,2.59,0.0012
260,2.6,0.00144,2.6,0.0045,2.6,0.00636,2.6,0.00492,2.6,0.0006,2.6,0.00492,2.6,0.00492,2.73,0.00642,2.73,0.00504,2.73,0.0006,2.73,0.00504,,,,,,,2.6,0.00486,2.6,0.00144,2.6,0.00444,2.6,0.00624,2.6,0.00486,2.6,0.00054
261,2.61,0.00042,2.61,0.00156,2.61,0.0021,2.61,0.0015,2.61,6.00E-05,2.61,0.0015,2.61,0.0015,2.74,0.0021,2.74,0.00156,2.74,6.00E-05,2.74,0.00156,,,,,,,2.61,0.0015,2.61,0.00042,2.61,0.00156,2.61,0.00204,2.61,0.0015,2.61,6.00E-05
262,2.62,0.00012,2.62,0.00048,2.62,0.00078,2.62,0.00054,2.62,6.00E-05,2.62,0.00054,2.62,0.00054,2.75,0.00078,2.75,0.0006,2.75,6.00E-05,2.75,0.0006,,,,,,,2.62,0.00054,2.62,0.00012,2.62,0.00048,2.62,0.00072,2.62,0.00054,2.62,6.00E-05
263,2.63,6.00E-05,2.63,0.00012,2.63,0.00024,2.63,0.00018,2.63,0,2.63,0.00018,2.63,0.00018,2.76,0.00024,2.76,0.00018,2.76,0,2.76,0.00018,,,,,,,2.63,0.00018,2.63,6.00E-05,2.63,0.00012,2.63,0.00024,2.63,0.00018,2.63,0
264,2.64,0,2.64,6.00E-05,2.64,6.00E-05,2.64,0,,,2.64,0,2.64,0,2.77,6.00E-05,2.77,0,,,2.77,0,,,,,,,2.64,0,2.64,0,2.64,6.00E-05,2.64,6.00E-05,2.64,0,,
265,,,2.65,0,2.65,0,2.65,0,,,2.65,0,2.65,0,2.78,0,2.78,0,,,2.78,0,,,,,,,2.65,0,,,2.65,0,2.65,0,2.65,0,,
266,,,,,2.66,0,,,,,,,,,2.79,0,,,,,,,,,,,,,,,,,,,2.66,0,,,,